Date,Calendar_Year,Month_Name,Month_Number,Weekday,Weekday_number,Quarter,Month_Year,Month_Year_Index,Month_Diff,FY_Year
01-07-2022 00:00,2022,July,7,Friday,6,Q3,07/2022,202207,42,
02-07-2022 00:00,2022,July,7,Saturday,7,Q3,07/2022,202207,42,
03-07-2022 00:00,2022,July,7,Sunday,1,Q3,07/2022,202207,42,
04-07-2022 00:00,2022,July,7,Monday,2,Q3,07/2022,202207,42,
05-07-2022 00:00,2022,July,7,Tuesday,3,Q3,07/2022,202207,42,
06-07-2022 00:00,2022,July,7,Wednesday,4,Q3,07/2022,202207,42,
07-07-2022 00:00,2022,July,7,Thursday,5,Q3,07/2022,202207,42,
08-07-2022 00:00,2022,July,7,Friday,6,Q3,07/2022,202207,42,
09-07-2022 00:00,2022,July,7,Saturday,7,Q3,07/2022,202207,42,
10-07-2022 00:00,2022,July,7,Sunday,1,Q3,07/2022,202207,42,
11-07-2022 00:00,2022,July,7,Monday,2,Q3,07/2022,202207,42,
12-07-2022 00:00,2022,July,7,Tuesday,3,Q3,07/2022,202207,42,
13-07-2022 00:00,2022,July,7,Wednesday,4,Q3,07/2022,202207,42,
14-07-2022 00:00,2022,July,7,Thursday,5,Q3,07/2022,202207,42,
15-07-2022 00:00,2022,July,7,Friday,6,Q3,07/2022,202207,42,
16-07-2022 00:00,2022,July,7,Saturday,7,Q3,07/2022,202207,42,
17-07-2022 00:00,2022,July,7,Sunday,1,Q3,07/2022,202207,42,
18-07-2022 00:00,2022,July,7,Monday,2,Q3,07/2022,202207,42,
19-07-2022 00:00,2022,July,7,Tuesday,3,Q3,07/2022,202207,42,
20-07-2022 00:00,2022,July,7,Wednesday,4,Q3,07/2022,202207,42,
21-07-2022 00:00,2022,July,7,Thursday,5,Q3,07/2022,202207,42,
22-07-2022 00:00,2022,July,7,Friday,6,Q3,07/2022,202207,42,
23-07-2022 00:00,2022,July,7,Saturday,7,Q3,07/2022,202207,42,
24-07-2022 00:00,2022,July,7,Sunday,1,Q3,07/2022,202207,42,
25-07-2022 00:00,2022,July,7,Monday,2,Q3,07/2022,202207,42,
26-07-2022 00:00,2022,July,7,Tuesday,3,Q3,07/2022,202207,42,
27-07-2022 00:00,2022,July,7,Wednesday,4,Q3,07/2022,202207,42,
28-07-2022 00:00,2022,July,7,Thursday,5,Q3,07/2022,202207,42,
29-07-2022 00:00,2022,July,7,Friday,6,Q3,07/2022,202207,42,
30-07-2022 00:00,2022,July,7,Saturday,7,Q3,07/2022,202207,42,
31-07-2022 00:00,2022,July,7,Sunday,1,Q3,07/2022,202207,42,
01-07-2023 00:00,2023,July,7,Saturday,7,Q3,07/2023,202307,30,
02-07-2023 00:00,2023,July,7,Sunday,1,Q3,07/2023,202307,30,
03-07-2023 00:00,2023,July,7,Monday,2,Q3,07/2023,202307,30,
04-07-2023 00:00,2023,July,7,Tuesday,3,Q3,07/2023,202307,30,
05-07-2023 00:00,2023,July,7,Wednesday,4,Q3,07/2023,202307,30,
06-07-2023 00:00,2023,July,7,Thursday,5,Q3,07/2023,202307,30,
07-07-2023 00:00,2023,July,7,Friday,6,Q3,07/2023,202307,30,
08-07-2023 00:00,2023,July,7,Saturday,7,Q3,07/2023,202307,30,
09-07-2023 00:00,2023,July,7,Sunday,1,Q3,07/2023,202307,30,
10-07-2023 00:00,2023,July,7,Monday,2,Q3,07/2023,202307,30,
11-07-2023 00:00,2023,July,7,Tuesday,3,Q3,07/2023,202307,30,
12-07-2023 00:00,2023,July,7,Wednesday,4,Q3,07/2023,202307,30,
13-07-2023 00:00,2023,July,7,Thursday,5,Q3,07/2023,202307,30,
14-07-2023 00:00,2023,July,7,Friday,6,Q3,07/2023,202307,30,
15-07-2023 00:00,2023,July,7,Saturday,7,Q3,07/2023,202307,30,
16-07-2023 00:00,2023,July,7,Sunday,1,Q3,07/2023,202307,30,
17-07-2023 00:00,2023,July,7,Monday,2,Q3,07/2023,202307,30,
18-07-2023 00:00,2023,July,7,Tuesday,3,Q3,07/2023,202307,30,
19-07-2023 00:00,2023,July,7,Wednesday,4,Q3,07/2023,202307,30,
20-07-2023 00:00,2023,July,7,Thursday,5,Q3,07/2023,202307,30,
21-07-2023 00:00,2023,July,7,Friday,6,Q3,07/2023,202307,30,
22-07-2023 00:00,2023,July,7,Saturday,7,Q3,07/2023,202307,30,
23-07-2023 00:00,2023,July,7,Sunday,1,Q3,07/2023,202307,30,
24-07-2023 00:00,2023,July,7,Monday,2,Q3,07/2023,202307,30,
25-07-2023 00:00,2023,July,7,Tuesday,3,Q3,07/2023,202307,30,
26-07-2023 00:00,2023,July,7,Wednesday,4,Q3,07/2023,202307,30,
27-07-2023 00:00,2023,July,7,Thursday,5,Q3,07/2023,202307,30,
28-07-2023 00:00,2023,July,7,Friday,6,Q3,07/2023,202307,30,
29-07-2023 00:00,2023,July,7,Saturday,7,Q3,07/2023,202307,30,
30-07-2023 00:00,2023,July,7,Sunday,1,Q3,07/2023,202307,30,
31-07-2023 00:00,2023,July,7,Monday,2,Q3,07/2023,202307,30,
01-07-2024 00:00,2024,July,7,Monday,2,Q3,07/2024,202407,18,FY'24
02-07-2024 00:00,2024,July,7,Tuesday,3,Q3,07/2024,202407,18,FY'24
03-07-2024 00:00,2024,July,7,Wednesday,4,Q3,07/2024,202407,18,FY'24
04-07-2024 00:00,2024,July,7,Thursday,5,Q3,07/2024,202407,18,FY'24
05-07-2024 00:00,2024,July,7,Friday,6,Q3,07/2024,202407,18,FY'24
06-07-2024 00:00,2024,July,7,Saturday,7,Q3,07/2024,202407,18,FY'24
07-07-2024 00:00,2024,July,7,Sunday,1,Q3,07/2024,202407,18,FY'24
08-07-2024 00:00,2024,July,7,Monday,2,Q3,07/2024,202407,18,FY'24
09-07-2024 00:00,2024,July,7,Tuesday,3,Q3,07/2024,202407,18,FY'24
10-07-2024 00:00,2024,July,7,Wednesday,4,Q3,07/2024,202407,18,FY'24
11-07-2024 00:00,2024,July,7,Thursday,5,Q3,07/2024,202407,18,FY'24
12-07-2024 00:00,2024,July,7,Friday,6,Q3,07/2024,202407,18,FY'24
13-07-2024 00:00,2024,July,7,Saturday,7,Q3,07/2024,202407,18,FY'24
14-07-2024 00:00,2024,July,7,Sunday,1,Q3,07/2024,202407,18,FY'24
15-07-2024 00:00,2024,July,7,Monday,2,Q3,07/2024,202407,18,FY'24
16-07-2024 00:00,2024,July,7,Tuesday,3,Q3,07/2024,202407,18,FY'24
17-07-2024 00:00,2024,July,7,Wednesday,4,Q3,07/2024,202407,18,FY'24
18-07-2024 00:00,2024,July,7,Thursday,5,Q3,07/2024,202407,18,FY'24
19-07-2024 00:00,2024,July,7,Friday,6,Q3,07/2024,202407,18,FY'24
20-07-2024 00:00,2024,July,7,Saturday,7,Q3,07/2024,202407,18,FY'24
21-07-2024 00:00,2024,July,7,Sunday,1,Q3,07/2024,202407,18,FY'24
22-07-2024 00:00,2024,July,7,Monday,2,Q3,07/2024,202407,18,FY'24
23-07-2024 00:00,2024,July,7,Tuesday,3,Q3,07/2024,202407,18,FY'24
24-07-2024 00:00,2024,July,7,Wednesday,4,Q3,07/2024,202407,18,FY'24
25-07-2024 00:00,2024,July,7,Thursday,5,Q3,07/2024,202407,18,FY'24
26-07-2024 00:00,2024,July,7,Friday,6,Q3,07/2024,202407,18,FY'24
27-07-2024 00:00,2024,July,7,Saturday,7,Q3,07/2024,202407,18,FY'24
28-07-2024 00:00,2024,July,7,Sunday,1,Q3,07/2024,202407,18,FY'24
29-07-2024 00:00,2024,July,7,Monday,2,Q3,07/2024,202407,18,FY'24
30-07-2024 00:00,2024,July,7,Tuesday,3,Q3,07/2024,202407,18,FY'24
31-07-2024 00:00,2024,July,7,Wednesday,4,Q3,07/2024,202407,18,FY'24
01-07-2025 00:00,2025,July,7,Tuesday,3,Q3,07/2025,202507,6,
02-07-2025 00:00,2025,July,7,Wednesday,4,Q3,07/2025,202507,6,
03-07-2025 00:00,2025,July,7,Thursday,5,Q3,07/2025,202507,6,
04-07-2025 00:00,2025,July,7,Friday,6,Q3,07/2025,202507,6,
05-07-2025 00:00,2025,July,7,Saturday,7,Q3,07/2025,202507,6,
06-07-2025 00:00,2025,July,7,Sunday,1,Q3,07/2025,202507,6,
07-07-2025 00:00,2025,July,7,Monday,2,Q3,07/2025,202507,6,
08-07-2025 00:00,2025,July,7,Tuesday,3,Q3,07/2025,202507,6,
09-07-2025 00:00,2025,July,7,Wednesday,4,Q3,07/2025,202507,6,
10-07-2025 00:00,2025,July,7,Thursday,5,Q3,07/2025,202507,6,
11-07-2025 00:00,2025,July,7,Friday,6,Q3,07/2025,202507,6,
12-07-2025 00:00,2025,July,7,Saturday,7,Q3,07/2025,202507,6,
13-07-2025 00:00,2025,July,7,Sunday,1,Q3,07/2025,202507,6,
14-07-2025 00:00,2025,July,7,Monday,2,Q3,07/2025,202507,6,
15-07-2025 00:00,2025,July,7,Tuesday,3,Q3,07/2025,202507,6,
16-07-2025 00:00,2025,July,7,Wednesday,4,Q3,07/2025,202507,6,
17-07-2025 00:00,2025,July,7,Thursday,5,Q3,07/2025,202507,6,
18-07-2025 00:00,2025,July,7,Friday,6,Q3,07/2025,202507,6,
19-07-2025 00:00,2025,July,7,Saturday,7,Q3,07/2025,202507,6,
20-07-2025 00:00,2025,July,7,Sunday,1,Q3,07/2025,202507,6,
21-07-2025 00:00,2025,July,7,Monday,2,Q3,07/2025,202507,6,
22-07-2025 00:00,2025,July,7,Tuesday,3,Q3,07/2025,202507,6,
23-07-2025 00:00,2025,July,7,Wednesday,4,Q3,07/2025,202507,6,
24-07-2025 00:00,2025,July,7,Thursday,5,Q3,07/2025,202507,6,
25-07-2025 00:00,2025,July,7,Friday,6,Q3,07/2025,202507,6,
26-07-2025 00:00,2025,July,7,Saturday,7,Q3,07/2025,202507,6,
27-07-2025 00:00,2025,July,7,Sunday,1,Q3,07/2025,202507,6,
28-07-2025 00:00,2025,July,7,Monday,2,Q3,07/2025,202507,6,
29-07-2025 00:00,2025,July,7,Tuesday,3,Q3,07/2025,202507,6,
30-07-2025 00:00,2025,July,7,Wednesday,4,Q3,07/2025,202507,6,
31-07-2025 00:00,2025,July,7,Thursday,5,Q3,07/2025,202507,6,
01-08-2022 00:00,2022,August,8,Monday,2,Q3,08/2022,202208,41,
02-08-2022 00:00,2022,August,8,Tuesday,3,Q3,08/2022,202208,41,
03-08-2022 00:00,2022,August,8,Wednesday,4,Q3,08/2022,202208,41,
04-08-2022 00:00,2022,August,8,Thursday,5,Q3,08/2022,202208,41,
05-08-2022 00:00,2022,August,8,Friday,6,Q3,08/2022,202208,41,
06-08-2022 00:00,2022,August,8,Saturday,7,Q3,08/2022,202208,41,
07-08-2022 00:00,2022,August,8,Sunday,1,Q3,08/2022,202208,41,
08-08-2022 00:00,2022,August,8,Monday,2,Q3,08/2022,202208,41,
09-08-2022 00:00,2022,August,8,Tuesday,3,Q3,08/2022,202208,41,
10-08-2022 00:00,2022,August,8,Wednesday,4,Q3,08/2022,202208,41,
11-08-2022 00:00,2022,August,8,Thursday,5,Q3,08/2022,202208,41,
12-08-2022 00:00,2022,August,8,Friday,6,Q3,08/2022,202208,41,
13-08-2022 00:00,2022,August,8,Saturday,7,Q3,08/2022,202208,41,
14-08-2022 00:00,2022,August,8,Sunday,1,Q3,08/2022,202208,41,
15-08-2022 00:00,2022,August,8,Monday,2,Q3,08/2022,202208,41,
16-08-2022 00:00,2022,August,8,Tuesday,3,Q3,08/2022,202208,41,
17-08-2022 00:00,2022,August,8,Wednesday,4,Q3,08/2022,202208,41,
18-08-2022 00:00,2022,August,8,Thursday,5,Q3,08/2022,202208,41,
19-08-2022 00:00,2022,August,8,Friday,6,Q3,08/2022,202208,41,
20-08-2022 00:00,2022,August,8,Saturday,7,Q3,08/2022,202208,41,
21-08-2022 00:00,2022,August,8,Sunday,1,Q3,08/2022,202208,41,
22-08-2022 00:00,2022,August,8,Monday,2,Q3,08/2022,202208,41,
23-08-2022 00:00,2022,August,8,Tuesday,3,Q3,08/2022,202208,41,
24-08-2022 00:00,2022,August,8,Wednesday,4,Q3,08/2022,202208,41,
25-08-2022 00:00,2022,August,8,Thursday,5,Q3,08/2022,202208,41,
26-08-2022 00:00,2022,August,8,Friday,6,Q3,08/2022,202208,41,
27-08-2022 00:00,2022,August,8,Saturday,7,Q3,08/2022,202208,41,
28-08-2022 00:00,2022,August,8,Sunday,1,Q3,08/2022,202208,41,
29-08-2022 00:00,2022,August,8,Monday,2,Q3,08/2022,202208,41,
30-08-2022 00:00,2022,August,8,Tuesday,3,Q3,08/2022,202208,41,
31-08-2022 00:00,2022,August,8,Wednesday,4,Q3,08/2022,202208,41,
01-08-2023 00:00,2023,August,8,Tuesday,3,Q3,08/2023,202308,29,
02-08-2023 00:00,2023,August,8,Wednesday,4,Q3,08/2023,202308,29,
03-08-2023 00:00,2023,August,8,Thursday,5,Q3,08/2023,202308,29,
04-08-2023 00:00,2023,August,8,Friday,6,Q3,08/2023,202308,29,
05-08-2023 00:00,2023,August,8,Saturday,7,Q3,08/2023,202308,29,
06-08-2023 00:00,2023,August,8,Sunday,1,Q3,08/2023,202308,29,
07-08-2023 00:00,2023,August,8,Monday,2,Q3,08/2023,202308,29,
08-08-2023 00:00,2023,August,8,Tuesday,3,Q3,08/2023,202308,29,
09-08-2023 00:00,2023,August,8,Wednesday,4,Q3,08/2023,202308,29,
10-08-2023 00:00,2023,August,8,Thursday,5,Q3,08/2023,202308,29,
11-08-2023 00:00,2023,August,8,Friday,6,Q3,08/2023,202308,29,
12-08-2023 00:00,2023,August,8,Saturday,7,Q3,08/2023,202308,29,
13-08-2023 00:00,2023,August,8,Sunday,1,Q3,08/2023,202308,29,
14-08-2023 00:00,2023,August,8,Monday,2,Q3,08/2023,202308,29,
15-08-2023 00:00,2023,August,8,Tuesday,3,Q3,08/2023,202308,29,
16-08-2023 00:00,2023,August,8,Wednesday,4,Q3,08/2023,202308,29,
17-08-2023 00:00,2023,August,8,Thursday,5,Q3,08/2023,202308,29,
18-08-2023 00:00,2023,August,8,Friday,6,Q3,08/2023,202308,29,
19-08-2023 00:00,2023,August,8,Saturday,7,Q3,08/2023,202308,29,
20-08-2023 00:00,2023,August,8,Sunday,1,Q3,08/2023,202308,29,
21-08-2023 00:00,2023,August,8,Monday,2,Q3,08/2023,202308,29,
22-08-2023 00:00,2023,August,8,Tuesday,3,Q3,08/2023,202308,29,
23-08-2023 00:00,2023,August,8,Wednesday,4,Q3,08/2023,202308,29,
24-08-2023 00:00,2023,August,8,Thursday,5,Q3,08/2023,202308,29,
25-08-2023 00:00,2023,August,8,Friday,6,Q3,08/2023,202308,29,
26-08-2023 00:00,2023,August,8,Saturday,7,Q3,08/2023,202308,29,
27-08-2023 00:00,2023,August,8,Sunday,1,Q3,08/2023,202308,29,
28-08-2023 00:00,2023,August,8,Monday,2,Q3,08/2023,202308,29,
29-08-2023 00:00,2023,August,8,Tuesday,3,Q3,08/2023,202308,29,
30-08-2023 00:00,2023,August,8,Wednesday,4,Q3,08/2023,202308,29,
31-08-2023 00:00,2023,August,8,Thursday,5,Q3,08/2023,202308,29,
01-08-2024 00:00,2024,August,8,Thursday,5,Q3,08/2024,202408,17,FY'24
02-08-2024 00:00,2024,August,8,Friday,6,Q3,08/2024,202408,17,FY'24
03-08-2024 00:00,2024,August,8,Saturday,7,Q3,08/2024,202408,17,FY'24
04-08-2024 00:00,2024,August,8,Sunday,1,Q3,08/2024,202408,17,FY'24
05-08-2024 00:00,2024,August,8,Monday,2,Q3,08/2024,202408,17,FY'24
06-08-2024 00:00,2024,August,8,Tuesday,3,Q3,08/2024,202408,17,FY'24
07-08-2024 00:00,2024,August,8,Wednesday,4,Q3,08/2024,202408,17,FY'24
08-08-2024 00:00,2024,August,8,Thursday,5,Q3,08/2024,202408,17,FY'24
09-08-2024 00:00,2024,August,8,Friday,6,Q3,08/2024,202408,17,FY'24
10-08-2024 00:00,2024,August,8,Saturday,7,Q3,08/2024,202408,17,FY'24
11-08-2024 00:00,2024,August,8,Sunday,1,Q3,08/2024,202408,17,FY'24
12-08-2024 00:00,2024,August,8,Monday,2,Q3,08/2024,202408,17,FY'24
13-08-2024 00:00,2024,August,8,Tuesday,3,Q3,08/2024,202408,17,FY'24
14-08-2024 00:00,2024,August,8,Wednesday,4,Q3,08/2024,202408,17,FY'24
15-08-2024 00:00,2024,August,8,Thursday,5,Q3,08/2024,202408,17,FY'24
16-08-2024 00:00,2024,August,8,Friday,6,Q3,08/2024,202408,17,FY'24
17-08-2024 00:00,2024,August,8,Saturday,7,Q3,08/2024,202408,17,FY'24
18-08-2024 00:00,2024,August,8,Sunday,1,Q3,08/2024,202408,17,FY'24
19-08-2024 00:00,2024,August,8,Monday,2,Q3,08/2024,202408,17,FY'24
20-08-2024 00:00,2024,August,8,Tuesday,3,Q3,08/2024,202408,17,FY'24
21-08-2024 00:00,2024,August,8,Wednesday,4,Q3,08/2024,202408,17,FY'24
22-08-2024 00:00,2024,August,8,Thursday,5,Q3,08/2024,202408,17,FY'24
23-08-2024 00:00,2024,August,8,Friday,6,Q3,08/2024,202408,17,FY'24
24-08-2024 00:00,2024,August,8,Saturday,7,Q3,08/2024,202408,17,FY'24
25-08-2024 00:00,2024,August,8,Sunday,1,Q3,08/2024,202408,17,FY'24
26-08-2024 00:00,2024,August,8,Monday,2,Q3,08/2024,202408,17,FY'24
27-08-2024 00:00,2024,August,8,Tuesday,3,Q3,08/2024,202408,17,FY'24
28-08-2024 00:00,2024,August,8,Wednesday,4,Q3,08/2024,202408,17,FY'24
29-08-2024 00:00,2024,August,8,Thursday,5,Q3,08/2024,202408,17,FY'24
30-08-2024 00:00,2024,August,8,Friday,6,Q3,08/2024,202408,17,FY'24
31-08-2024 00:00,2024,August,8,Saturday,7,Q3,08/2024,202408,17,FY'24
01-08-2025 00:00,2025,August,8,Friday,6,Q3,08/2025,202508,5,
02-08-2025 00:00,2025,August,8,Saturday,7,Q3,08/2025,202508,5,
03-08-2025 00:00,2025,August,8,Sunday,1,Q3,08/2025,202508,5,
04-08-2025 00:00,2025,August,8,Monday,2,Q3,08/2025,202508,5,
05-08-2025 00:00,2025,August,8,Tuesday,3,Q3,08/2025,202508,5,
06-08-2025 00:00,2025,August,8,Wednesday,4,Q3,08/2025,202508,5,
07-08-2025 00:00,2025,August,8,Thursday,5,Q3,08/2025,202508,5,
08-08-2025 00:00,2025,August,8,Friday,6,Q3,08/2025,202508,5,
09-08-2025 00:00,2025,August,8,Saturday,7,Q3,08/2025,202508,5,
10-08-2025 00:00,2025,August,8,Sunday,1,Q3,08/2025,202508,5,
11-08-2025 00:00,2025,August,8,Monday,2,Q3,08/2025,202508,5,
12-08-2025 00:00,2025,August,8,Tuesday,3,Q3,08/2025,202508,5,
13-08-2025 00:00,2025,August,8,Wednesday,4,Q3,08/2025,202508,5,
14-08-2025 00:00,2025,August,8,Thursday,5,Q3,08/2025,202508,5,
15-08-2025 00:00,2025,August,8,Friday,6,Q3,08/2025,202508,5,
16-08-2025 00:00,2025,August,8,Saturday,7,Q3,08/2025,202508,5,
17-08-2025 00:00,2025,August,8,Sunday,1,Q3,08/2025,202508,5,
18-08-2025 00:00,2025,August,8,Monday,2,Q3,08/2025,202508,5,
19-08-2025 00:00,2025,August,8,Tuesday,3,Q3,08/2025,202508,5,
20-08-2025 00:00,2025,August,8,Wednesday,4,Q3,08/2025,202508,5,
21-08-2025 00:00,2025,August,8,Thursday,5,Q3,08/2025,202508,5,
22-08-2025 00:00,2025,August,8,Friday,6,Q3,08/2025,202508,5,
23-08-2025 00:00,2025,August,8,Saturday,7,Q3,08/2025,202508,5,
24-08-2025 00:00,2025,August,8,Sunday,1,Q3,08/2025,202508,5,
25-08-2025 00:00,2025,August,8,Monday,2,Q3,08/2025,202508,5,
26-08-2025 00:00,2025,August,8,Tuesday,3,Q3,08/2025,202508,5,
27-08-2025 00:00,2025,August,8,Wednesday,4,Q3,08/2025,202508,5,
28-08-2025 00:00,2025,August,8,Thursday,5,Q3,08/2025,202508,5,
29-08-2025 00:00,2025,August,8,Friday,6,Q3,08/2025,202508,5,
30-08-2025 00:00,2025,August,8,Saturday,7,Q3,08/2025,202508,5,
31-08-2025 00:00,2025,August,8,Sunday,1,Q3,08/2025,202508,5,
01-09-2022 00:00,2022,September,9,Thursday,5,Q3,09/2022,202209,40,
02-09-2022 00:00,2022,September,9,Friday,6,Q3,09/2022,202209,40,
03-09-2022 00:00,2022,September,9,Saturday,7,Q3,09/2022,202209,40,
04-09-2022 00:00,2022,September,9,Sunday,1,Q3,09/2022,202209,40,
05-09-2022 00:00,2022,September,9,Monday,2,Q3,09/2022,202209,40,
06-09-2022 00:00,2022,September,9,Tuesday,3,Q3,09/2022,202209,40,
07-09-2022 00:00,2022,September,9,Wednesday,4,Q3,09/2022,202209,40,
08-09-2022 00:00,2022,September,9,Thursday,5,Q3,09/2022,202209,40,
09-09-2022 00:00,2022,September,9,Friday,6,Q3,09/2022,202209,40,
10-09-2022 00:00,2022,September,9,Saturday,7,Q3,09/2022,202209,40,
11-09-2022 00:00,2022,September,9,Sunday,1,Q3,09/2022,202209,40,
12-09-2022 00:00,2022,September,9,Monday,2,Q3,09/2022,202209,40,
13-09-2022 00:00,2022,September,9,Tuesday,3,Q3,09/2022,202209,40,
14-09-2022 00:00,2022,September,9,Wednesday,4,Q3,09/2022,202209,40,
15-09-2022 00:00,2022,September,9,Thursday,5,Q3,09/2022,202209,40,
16-09-2022 00:00,2022,September,9,Friday,6,Q3,09/2022,202209,40,
17-09-2022 00:00,2022,September,9,Saturday,7,Q3,09/2022,202209,40,
18-09-2022 00:00,2022,September,9,Sunday,1,Q3,09/2022,202209,40,
19-09-2022 00:00,2022,September,9,Monday,2,Q3,09/2022,202209,40,
20-09-2022 00:00,2022,September,9,Tuesday,3,Q3,09/2022,202209,40,
21-09-2022 00:00,2022,September,9,Wednesday,4,Q3,09/2022,202209,40,
22-09-2022 00:00,2022,September,9,Thursday,5,Q3,09/2022,202209,40,
23-09-2022 00:00,2022,September,9,Friday,6,Q3,09/2022,202209,40,
24-09-2022 00:00,2022,September,9,Saturday,7,Q3,09/2022,202209,40,
25-09-2022 00:00,2022,September,9,Sunday,1,Q3,09/2022,202209,40,
26-09-2022 00:00,2022,September,9,Monday,2,Q3,09/2022,202209,40,
27-09-2022 00:00,2022,September,9,Tuesday,3,Q3,09/2022,202209,40,
28-09-2022 00:00,2022,September,9,Wednesday,4,Q3,09/2022,202209,40,
29-09-2022 00:00,2022,September,9,Thursday,5,Q3,09/2022,202209,40,
30-09-2022 00:00,2022,September,9,Friday,6,Q3,09/2022,202209,40,
01-09-2023 00:00,2023,September,9,Friday,6,Q3,09/2023,202309,28,
02-09-2023 00:00,2023,September,9,Saturday,7,Q3,09/2023,202309,28,
03-09-2023 00:00,2023,September,9,Sunday,1,Q3,09/2023,202309,28,
04-09-2023 00:00,2023,September,9,Monday,2,Q3,09/2023,202309,28,
05-09-2023 00:00,2023,September,9,Tuesday,3,Q3,09/2023,202309,28,
06-09-2023 00:00,2023,September,9,Wednesday,4,Q3,09/2023,202309,28,
07-09-2023 00:00,2023,September,9,Thursday,5,Q3,09/2023,202309,28,
08-09-2023 00:00,2023,September,9,Friday,6,Q3,09/2023,202309,28,
09-09-2023 00:00,2023,September,9,Saturday,7,Q3,09/2023,202309,28,
10-09-2023 00:00,2023,September,9,Sunday,1,Q3,09/2023,202309,28,
11-09-2023 00:00,2023,September,9,Monday,2,Q3,09/2023,202309,28,
12-09-2023 00:00,2023,September,9,Tuesday,3,Q3,09/2023,202309,28,
13-09-2023 00:00,2023,September,9,Wednesday,4,Q3,09/2023,202309,28,
14-09-2023 00:00,2023,September,9,Thursday,5,Q3,09/2023,202309,28,
15-09-2023 00:00,2023,September,9,Friday,6,Q3,09/2023,202309,28,
16-09-2023 00:00,2023,September,9,Saturday,7,Q3,09/2023,202309,28,
17-09-2023 00:00,2023,September,9,Sunday,1,Q3,09/2023,202309,28,
18-09-2023 00:00,2023,September,9,Monday,2,Q3,09/2023,202309,28,
19-09-2023 00:00,2023,September,9,Tuesday,3,Q3,09/2023,202309,28,
20-09-2023 00:00,2023,September,9,Wednesday,4,Q3,09/2023,202309,28,
21-09-2023 00:00,2023,September,9,Thursday,5,Q3,09/2023,202309,28,
22-09-2023 00:00,2023,September,9,Friday,6,Q3,09/2023,202309,28,
23-09-2023 00:00,2023,September,9,Saturday,7,Q3,09/2023,202309,28,
24-09-2023 00:00,2023,September,9,Sunday,1,Q3,09/2023,202309,28,
25-09-2023 00:00,2023,September,9,Monday,2,Q3,09/2023,202309,28,
26-09-2023 00:00,2023,September,9,Tuesday,3,Q3,09/2023,202309,28,
27-09-2023 00:00,2023,September,9,Wednesday,4,Q3,09/2023,202309,28,
28-09-2023 00:00,2023,September,9,Thursday,5,Q3,09/2023,202309,28,
29-09-2023 00:00,2023,September,9,Friday,6,Q3,09/2023,202309,28,
30-09-2023 00:00,2023,September,9,Saturday,7,Q3,09/2023,202309,28,
01-09-2024 00:00,2024,September,9,Sunday,1,Q3,09/2024,202409,16,FY'24
02-09-2024 00:00,2024,September,9,Monday,2,Q3,09/2024,202409,16,FY'24
03-09-2024 00:00,2024,September,9,Tuesday,3,Q3,09/2024,202409,16,FY'24
04-09-2024 00:00,2024,September,9,Wednesday,4,Q3,09/2024,202409,16,FY'24
05-09-2024 00:00,2024,September,9,Thursday,5,Q3,09/2024,202409,16,FY'24
06-09-2024 00:00,2024,September,9,Friday,6,Q3,09/2024,202409,16,FY'24
07-09-2024 00:00,2024,September,9,Saturday,7,Q3,09/2024,202409,16,FY'24
08-09-2024 00:00,2024,September,9,Sunday,1,Q3,09/2024,202409,16,FY'24
09-09-2024 00:00,2024,September,9,Monday,2,Q3,09/2024,202409,16,FY'24
10-09-2024 00:00,2024,September,9,Tuesday,3,Q3,09/2024,202409,16,FY'24
11-09-2024 00:00,2024,September,9,Wednesday,4,Q3,09/2024,202409,16,FY'24
12-09-2024 00:00,2024,September,9,Thursday,5,Q3,09/2024,202409,16,FY'24
13-09-2024 00:00,2024,September,9,Friday,6,Q3,09/2024,202409,16,FY'24
14-09-2024 00:00,2024,September,9,Saturday,7,Q3,09/2024,202409,16,FY'24
15-09-2024 00:00,2024,September,9,Sunday,1,Q3,09/2024,202409,16,FY'24
16-09-2024 00:00,2024,September,9,Monday,2,Q3,09/2024,202409,16,FY'24
17-09-2024 00:00,2024,September,9,Tuesday,3,Q3,09/2024,202409,16,FY'24
18-09-2024 00:00,2024,September,9,Wednesday,4,Q3,09/2024,202409,16,FY'24
19-09-2024 00:00,2024,September,9,Thursday,5,Q3,09/2024,202409,16,FY'24
20-09-2024 00:00,2024,September,9,Friday,6,Q3,09/2024,202409,16,FY'24
21-09-2024 00:00,2024,September,9,Saturday,7,Q3,09/2024,202409,16,FY'24
22-09-2024 00:00,2024,September,9,Sunday,1,Q3,09/2024,202409,16,FY'24
23-09-2024 00:00,2024,September,9,Monday,2,Q3,09/2024,202409,16,FY'24
24-09-2024 00:00,2024,September,9,Tuesday,3,Q3,09/2024,202409,16,FY'24
25-09-2024 00:00,2024,September,9,Wednesday,4,Q3,09/2024,202409,16,FY'24
26-09-2024 00:00,2024,September,9,Thursday,5,Q3,09/2024,202409,16,FY'24
27-09-2024 00:00,2024,September,9,Friday,6,Q3,09/2024,202409,16,FY'24
28-09-2024 00:00,2024,September,9,Saturday,7,Q3,09/2024,202409,16,FY'24
29-09-2024 00:00,2024,September,9,Sunday,1,Q3,09/2024,202409,16,FY'24
30-09-2024 00:00,2024,September,9,Monday,2,Q3,09/2024,202409,16,FY'24
01-09-2025 00:00,2025,September,9,Monday,2,Q3,09/2025,202509,4,
02-09-2025 00:00,2025,September,9,Tuesday,3,Q3,09/2025,202509,4,
03-09-2025 00:00,2025,September,9,Wednesday,4,Q3,09/2025,202509,4,
04-09-2025 00:00,2025,September,9,Thursday,5,Q3,09/2025,202509,4,
05-09-2025 00:00,2025,September,9,Friday,6,Q3,09/2025,202509,4,
06-09-2025 00:00,2025,September,9,Saturday,7,Q3,09/2025,202509,4,
07-09-2025 00:00,2025,September,9,Sunday,1,Q3,09/2025,202509,4,
08-09-2025 00:00,2025,September,9,Monday,2,Q3,09/2025,202509,4,
09-09-2025 00:00,2025,September,9,Tuesday,3,Q3,09/2025,202509,4,
10-09-2025 00:00,2025,September,9,Wednesday,4,Q3,09/2025,202509,4,
11-09-2025 00:00,2025,September,9,Thursday,5,Q3,09/2025,202509,4,
12-09-2025 00:00,2025,September,9,Friday,6,Q3,09/2025,202509,4,
13-09-2025 00:00,2025,September,9,Saturday,7,Q3,09/2025,202509,4,
14-09-2025 00:00,2025,September,9,Sunday,1,Q3,09/2025,202509,4,
15-09-2025 00:00,2025,September,9,Monday,2,Q3,09/2025,202509,4,
16-09-2025 00:00,2025,September,9,Tuesday,3,Q3,09/2025,202509,4,
17-09-2025 00:00,2025,September,9,Wednesday,4,Q3,09/2025,202509,4,
18-09-2025 00:00,2025,September,9,Thursday,5,Q3,09/2025,202509,4,
19-09-2025 00:00,2025,September,9,Friday,6,Q3,09/2025,202509,4,
20-09-2025 00:00,2025,September,9,Saturday,7,Q3,09/2025,202509,4,
21-09-2025 00:00,2025,September,9,Sunday,1,Q3,09/2025,202509,4,
22-09-2025 00:00,2025,September,9,Monday,2,Q3,09/2025,202509,4,
23-09-2025 00:00,2025,September,9,Tuesday,3,Q3,09/2025,202509,4,
24-09-2025 00:00,2025,September,9,Wednesday,4,Q3,09/2025,202509,4,
25-09-2025 00:00,2025,September,9,Thursday,5,Q3,09/2025,202509,4,
26-09-2025 00:00,2025,September,9,Friday,6,Q3,09/2025,202509,4,
27-09-2025 00:00,2025,September,9,Saturday,7,Q3,09/2025,202509,4,
28-09-2025 00:00,2025,September,9,Sunday,1,Q3,09/2025,202509,4,
29-09-2025 00:00,2025,September,9,Monday,2,Q3,09/2025,202509,4,
30-09-2025 00:00,2025,September,9,Tuesday,3,Q3,09/2025,202509,4,
01-11-2022 00:00,2022,November,11,Tuesday,3,Q4,11/2022,202211,38,
02-11-2022 00:00,2022,November,11,Wednesday,4,Q4,11/2022,202211,38,
03-11-2022 00:00,2022,November,11,Thursday,5,Q4,11/2022,202211,38,
04-11-2022 00:00,2022,November,11,Friday,6,Q4,11/2022,202211,38,
05-11-2022 00:00,2022,November,11,Saturday,7,Q4,11/2022,202211,38,
06-11-2022 00:00,2022,November,11,Sunday,1,Q4,11/2022,202211,38,
07-11-2022 00:00,2022,November,11,Monday,2,Q4,11/2022,202211,38,
08-11-2022 00:00,2022,November,11,Tuesday,3,Q4,11/2022,202211,38,
09-11-2022 00:00,2022,November,11,Wednesday,4,Q4,11/2022,202211,38,
10-11-2022 00:00,2022,November,11,Thursday,5,Q4,11/2022,202211,38,
11-11-2022 00:00,2022,November,11,Friday,6,Q4,11/2022,202211,38,
12-11-2022 00:00,2022,November,11,Saturday,7,Q4,11/2022,202211,38,
13-11-2022 00:00,2022,November,11,Sunday,1,Q4,11/2022,202211,38,
14-11-2022 00:00,2022,November,11,Monday,2,Q4,11/2022,202211,38,
15-11-2022 00:00,2022,November,11,Tuesday,3,Q4,11/2022,202211,38,
16-11-2022 00:00,2022,November,11,Wednesday,4,Q4,11/2022,202211,38,
17-11-2022 00:00,2022,November,11,Thursday,5,Q4,11/2022,202211,38,
18-11-2022 00:00,2022,November,11,Friday,6,Q4,11/2022,202211,38,
19-11-2022 00:00,2022,November,11,Saturday,7,Q4,11/2022,202211,38,
20-11-2022 00:00,2022,November,11,Sunday,1,Q4,11/2022,202211,38,
21-11-2022 00:00,2022,November,11,Monday,2,Q4,11/2022,202211,38,
22-11-2022 00:00,2022,November,11,Tuesday,3,Q4,11/2022,202211,38,
23-11-2022 00:00,2022,November,11,Wednesday,4,Q4,11/2022,202211,38,
24-11-2022 00:00,2022,November,11,Thursday,5,Q4,11/2022,202211,38,
25-11-2022 00:00,2022,November,11,Friday,6,Q4,11/2022,202211,38,
26-11-2022 00:00,2022,November,11,Saturday,7,Q4,11/2022,202211,38,
27-11-2022 00:00,2022,November,11,Sunday,1,Q4,11/2022,202211,38,
28-11-2022 00:00,2022,November,11,Monday,2,Q4,11/2022,202211,38,
29-11-2022 00:00,2022,November,11,Tuesday,3,Q4,11/2022,202211,38,
30-11-2022 00:00,2022,November,11,Wednesday,4,Q4,11/2022,202211,38,
01-11-2023 00:00,2023,November,11,Wednesday,4,Q4,11/2023,202311,26,
02-11-2023 00:00,2023,November,11,Thursday,5,Q4,11/2023,202311,26,
03-11-2023 00:00,2023,November,11,Friday,6,Q4,11/2023,202311,26,
04-11-2023 00:00,2023,November,11,Saturday,7,Q4,11/2023,202311,26,
05-11-2023 00:00,2023,November,11,Sunday,1,Q4,11/2023,202311,26,
06-11-2023 00:00,2023,November,11,Monday,2,Q4,11/2023,202311,26,
07-11-2023 00:00,2023,November,11,Tuesday,3,Q4,11/2023,202311,26,
08-11-2023 00:00,2023,November,11,Wednesday,4,Q4,11/2023,202311,26,
09-11-2023 00:00,2023,November,11,Thursday,5,Q4,11/2023,202311,26,
10-11-2023 00:00,2023,November,11,Friday,6,Q4,11/2023,202311,26,
11-11-2023 00:00,2023,November,11,Saturday,7,Q4,11/2023,202311,26,
12-11-2023 00:00,2023,November,11,Sunday,1,Q4,11/2023,202311,26,
13-11-2023 00:00,2023,November,11,Monday,2,Q4,11/2023,202311,26,
14-11-2023 00:00,2023,November,11,Tuesday,3,Q4,11/2023,202311,26,
15-11-2023 00:00,2023,November,11,Wednesday,4,Q4,11/2023,202311,26,
16-11-2023 00:00,2023,November,11,Thursday,5,Q4,11/2023,202311,26,
17-11-2023 00:00,2023,November,11,Friday,6,Q4,11/2023,202311,26,
18-11-2023 00:00,2023,November,11,Saturday,7,Q4,11/2023,202311,26,
19-11-2023 00:00,2023,November,11,Sunday,1,Q4,11/2023,202311,26,
20-11-2023 00:00,2023,November,11,Monday,2,Q4,11/2023,202311,26,
21-11-2023 00:00,2023,November,11,Tuesday,3,Q4,11/2023,202311,26,
22-11-2023 00:00,2023,November,11,Wednesday,4,Q4,11/2023,202311,26,
23-11-2023 00:00,2023,November,11,Thursday,5,Q4,11/2023,202311,26,
24-11-2023 00:00,2023,November,11,Friday,6,Q4,11/2023,202311,26,
25-11-2023 00:00,2023,November,11,Saturday,7,Q4,11/2023,202311,26,
26-11-2023 00:00,2023,November,11,Sunday,1,Q4,11/2023,202311,26,
27-11-2023 00:00,2023,November,11,Monday,2,Q4,11/2023,202311,26,
28-11-2023 00:00,2023,November,11,Tuesday,3,Q4,11/2023,202311,26,
29-11-2023 00:00,2023,November,11,Wednesday,4,Q4,11/2023,202311,26,
30-11-2023 00:00,2023,November,11,Thursday,5,Q4,11/2023,202311,26,
01-11-2024 00:00,2024,November,11,Friday,6,Q4,11/2024,202411,14,FY'24
02-11-2024 00:00,2024,November,11,Saturday,7,Q4,11/2024,202411,14,FY'24
03-11-2024 00:00,2024,November,11,Sunday,1,Q4,11/2024,202411,14,FY'24
04-11-2024 00:00,2024,November,11,Monday,2,Q4,11/2024,202411,14,FY'24
05-11-2024 00:00,2024,November,11,Tuesday,3,Q4,11/2024,202411,14,FY'24
06-11-2024 00:00,2024,November,11,Wednesday,4,Q4,11/2024,202411,14,FY'24
07-11-2024 00:00,2024,November,11,Thursday,5,Q4,11/2024,202411,14,FY'24
08-11-2024 00:00,2024,November,11,Friday,6,Q4,11/2024,202411,14,FY'24
09-11-2024 00:00,2024,November,11,Saturday,7,Q4,11/2024,202411,14,FY'24
10-11-2024 00:00,2024,November,11,Sunday,1,Q4,11/2024,202411,14,FY'24
11-11-2024 00:00,2024,November,11,Monday,2,Q4,11/2024,202411,14,FY'24
12-11-2024 00:00,2024,November,11,Tuesday,3,Q4,11/2024,202411,14,FY'24
13-11-2024 00:00,2024,November,11,Wednesday,4,Q4,11/2024,202411,14,FY'24
14-11-2024 00:00,2024,November,11,Thursday,5,Q4,11/2024,202411,14,FY'24
15-11-2024 00:00,2024,November,11,Friday,6,Q4,11/2024,202411,14,FY'24
16-11-2024 00:00,2024,November,11,Saturday,7,Q4,11/2024,202411,14,FY'24
17-11-2024 00:00,2024,November,11,Sunday,1,Q4,11/2024,202411,14,FY'24
18-11-2024 00:00,2024,November,11,Monday,2,Q4,11/2024,202411,14,FY'24
19-11-2024 00:00,2024,November,11,Tuesday,3,Q4,11/2024,202411,14,FY'24
20-11-2024 00:00,2024,November,11,Wednesday,4,Q4,11/2024,202411,14,FY'24
21-11-2024 00:00,2024,November,11,Thursday,5,Q4,11/2024,202411,14,FY'24
22-11-2024 00:00,2024,November,11,Friday,6,Q4,11/2024,202411,14,FY'24
23-11-2024 00:00,2024,November,11,Saturday,7,Q4,11/2024,202411,14,FY'24
24-11-2024 00:00,2024,November,11,Sunday,1,Q4,11/2024,202411,14,FY'24
25-11-2024 00:00,2024,November,11,Monday,2,Q4,11/2024,202411,14,FY'24
26-11-2024 00:00,2024,November,11,Tuesday,3,Q4,11/2024,202411,14,FY'24
27-11-2024 00:00,2024,November,11,Wednesday,4,Q4,11/2024,202411,14,FY'24
28-11-2024 00:00,2024,November,11,Thursday,5,Q4,11/2024,202411,14,FY'24
29-11-2024 00:00,2024,November,11,Friday,6,Q4,11/2024,202411,14,FY'24
30-11-2024 00:00,2024,November,11,Saturday,7,Q4,11/2024,202411,14,FY'24
01-11-2025 00:00,2025,November,11,Saturday,7,Q4,11/2025,202511,2,
02-11-2025 00:00,2025,November,11,Sunday,1,Q4,11/2025,202511,2,
03-11-2025 00:00,2025,November,11,Monday,2,Q4,11/2025,202511,2,
04-11-2025 00:00,2025,November,11,Tuesday,3,Q4,11/2025,202511,2,
05-11-2025 00:00,2025,November,11,Wednesday,4,Q4,11/2025,202511,2,
06-11-2025 00:00,2025,November,11,Thursday,5,Q4,11/2025,202511,2,
07-11-2025 00:00,2025,November,11,Friday,6,Q4,11/2025,202511,2,
08-11-2025 00:00,2025,November,11,Saturday,7,Q4,11/2025,202511,2,
09-11-2025 00:00,2025,November,11,Sunday,1,Q4,11/2025,202511,2,
10-11-2025 00:00,2025,November,11,Monday,2,Q4,11/2025,202511,2,
11-11-2025 00:00,2025,November,11,Tuesday,3,Q4,11/2025,202511,2,
12-11-2025 00:00,2025,November,11,Wednesday,4,Q4,11/2025,202511,2,
13-11-2025 00:00,2025,November,11,Thursday,5,Q4,11/2025,202511,2,
14-11-2025 00:00,2025,November,11,Friday,6,Q4,11/2025,202511,2,
15-11-2025 00:00,2025,November,11,Saturday,7,Q4,11/2025,202511,2,
16-11-2025 00:00,2025,November,11,Sunday,1,Q4,11/2025,202511,2,
17-11-2025 00:00,2025,November,11,Monday,2,Q4,11/2025,202511,2,
18-11-2025 00:00,2025,November,11,Tuesday,3,Q4,11/2025,202511,2,
19-11-2025 00:00,2025,November,11,Wednesday,4,Q4,11/2025,202511,2,
20-11-2025 00:00,2025,November,11,Thursday,5,Q4,11/2025,202511,2,
21-11-2025 00:00,2025,November,11,Friday,6,Q4,11/2025,202511,2,
22-11-2025 00:00,2025,November,11,Saturday,7,Q4,11/2025,202511,2,
23-11-2025 00:00,2025,November,11,Sunday,1,Q4,11/2025,202511,2,
24-11-2025 00:00,2025,November,11,Monday,2,Q4,11/2025,202511,2,
25-11-2025 00:00,2025,November,11,Tuesday,3,Q4,11/2025,202511,2,
26-11-2025 00:00,2025,November,11,Wednesday,4,Q4,11/2025,202511,2,
27-11-2025 00:00,2025,November,11,Thursday,5,Q4,11/2025,202511,2,
28-11-2025 00:00,2025,November,11,Friday,6,Q4,11/2025,202511,2,
29-11-2025 00:00,2025,November,11,Saturday,7,Q4,11/2025,202511,2,
30-11-2025 00:00,2025,November,11,Sunday,1,Q4,11/2025,202511,2,
01-12-2022 00:00,2022,December,12,Thursday,5,Q4,12/2022,202212,37,
02-12-2022 00:00,2022,December,12,Friday,6,Q4,12/2022,202212,37,
03-12-2022 00:00,2022,December,12,Saturday,7,Q4,12/2022,202212,37,
04-12-2022 00:00,2022,December,12,Sunday,1,Q4,12/2022,202212,37,
05-12-2022 00:00,2022,December,12,Monday,2,Q4,12/2022,202212,37,
06-12-2022 00:00,2022,December,12,Tuesday,3,Q4,12/2022,202212,37,
07-12-2022 00:00,2022,December,12,Wednesday,4,Q4,12/2022,202212,37,
08-12-2022 00:00,2022,December,12,Thursday,5,Q4,12/2022,202212,37,
09-12-2022 00:00,2022,December,12,Friday,6,Q4,12/2022,202212,37,
10-12-2022 00:00,2022,December,12,Saturday,7,Q4,12/2022,202212,37,
11-12-2022 00:00,2022,December,12,Sunday,1,Q4,12/2022,202212,37,
12-12-2022 00:00,2022,December,12,Monday,2,Q4,12/2022,202212,37,
13-12-2022 00:00,2022,December,12,Tuesday,3,Q4,12/2022,202212,37,
14-12-2022 00:00,2022,December,12,Wednesday,4,Q4,12/2022,202212,37,
15-12-2022 00:00,2022,December,12,Thursday,5,Q4,12/2022,202212,37,
16-12-2022 00:00,2022,December,12,Friday,6,Q4,12/2022,202212,37,
17-12-2022 00:00,2022,December,12,Saturday,7,Q4,12/2022,202212,37,
18-12-2022 00:00,2022,December,12,Sunday,1,Q4,12/2022,202212,37,
19-12-2022 00:00,2022,December,12,Monday,2,Q4,12/2022,202212,37,
20-12-2022 00:00,2022,December,12,Tuesday,3,Q4,12/2022,202212,37,
21-12-2022 00:00,2022,December,12,Wednesday,4,Q4,12/2022,202212,37,
22-12-2022 00:00,2022,December,12,Thursday,5,Q4,12/2022,202212,37,
23-12-2022 00:00,2022,December,12,Friday,6,Q4,12/2022,202212,37,
24-12-2022 00:00,2022,December,12,Saturday,7,Q4,12/2022,202212,37,
25-12-2022 00:00,2022,December,12,Sunday,1,Q4,12/2022,202212,37,
26-12-2022 00:00,2022,December,12,Monday,2,Q4,12/2022,202212,37,
27-12-2022 00:00,2022,December,12,Tuesday,3,Q4,12/2022,202212,37,
28-12-2022 00:00,2022,December,12,Wednesday,4,Q4,12/2022,202212,37,
29-12-2022 00:00,2022,December,12,Thursday,5,Q4,12/2022,202212,37,
30-12-2022 00:00,2022,December,12,Friday,6,Q4,12/2022,202212,37,
31-12-2022 00:00,2022,December,12,Saturday,7,Q4,12/2022,202212,37,
01-12-2023 00:00,2023,December,12,Friday,6,Q4,12/2023,202312,25,FY'24
02-12-2023 00:00,2023,December,12,Saturday,7,Q4,12/2023,202312,25,FY'24
03-12-2023 00:00,2023,December,12,Sunday,1,Q4,12/2023,202312,25,FY'24
04-12-2023 00:00,2023,December,12,Monday,2,Q4,12/2023,202312,25,FY'24
05-12-2023 00:00,2023,December,12,Tuesday,3,Q4,12/2023,202312,25,FY'24
06-12-2023 00:00,2023,December,12,Wednesday,4,Q4,12/2023,202312,25,FY'24
07-12-2023 00:00,2023,December,12,Thursday,5,Q4,12/2023,202312,25,FY'24
08-12-2023 00:00,2023,December,12,Friday,6,Q4,12/2023,202312,25,FY'24
09-12-2023 00:00,2023,December,12,Saturday,7,Q4,12/2023,202312,25,FY'24
10-12-2023 00:00,2023,December,12,Sunday,1,Q4,12/2023,202312,25,FY'24
11-12-2023 00:00,2023,December,12,Monday,2,Q4,12/2023,202312,25,FY'24
12-12-2023 00:00,2023,December,12,Tuesday,3,Q4,12/2023,202312,25,FY'24
13-12-2023 00:00,2023,December,12,Wednesday,4,Q4,12/2023,202312,25,FY'24
14-12-2023 00:00,2023,December,12,Thursday,5,Q4,12/2023,202312,25,FY'24
15-12-2023 00:00,2023,December,12,Friday,6,Q4,12/2023,202312,25,FY'24
16-12-2023 00:00,2023,December,12,Saturday,7,Q4,12/2023,202312,25,FY'24
17-12-2023 00:00,2023,December,12,Sunday,1,Q4,12/2023,202312,25,FY'24
18-12-2023 00:00,2023,December,12,Monday,2,Q4,12/2023,202312,25,FY'24
19-12-2023 00:00,2023,December,12,Tuesday,3,Q4,12/2023,202312,25,FY'24
20-12-2023 00:00,2023,December,12,Wednesday,4,Q4,12/2023,202312,25,FY'24
21-12-2023 00:00,2023,December,12,Thursday,5,Q4,12/2023,202312,25,FY'24
22-12-2023 00:00,2023,December,12,Friday,6,Q4,12/2023,202312,25,FY'24
23-12-2023 00:00,2023,December,12,Saturday,7,Q4,12/2023,202312,25,FY'24
24-12-2023 00:00,2023,December,12,Sunday,1,Q4,12/2023,202312,25,FY'24
25-12-2023 00:00,2023,December,12,Monday,2,Q4,12/2023,202312,25,FY'24
26-12-2023 00:00,2023,December,12,Tuesday,3,Q4,12/2023,202312,25,FY'24
27-12-2023 00:00,2023,December,12,Wednesday,4,Q4,12/2023,202312,25,FY'24
28-12-2023 00:00,2023,December,12,Thursday,5,Q4,12/2023,202312,25,FY'24
29-12-2023 00:00,2023,December,12,Friday,6,Q4,12/2023,202312,25,FY'24
30-12-2023 00:00,2023,December,12,Saturday,7,Q4,12/2023,202312,25,FY'24
31-12-2023 00:00,2023,December,12,Sunday,1,Q4,12/2023,202312,25,FY'24
01-12-2024 00:00,2024,December,12,Sunday,1,Q4,12/2024,202412,13,
02-12-2024 00:00,2024,December,12,Monday,2,Q4,12/2024,202412,13,
03-12-2024 00:00,2024,December,12,Tuesday,3,Q4,12/2024,202412,13,
04-12-2024 00:00,2024,December,12,Wednesday,4,Q4,12/2024,202412,13,
05-12-2024 00:00,2024,December,12,Thursday,5,Q4,12/2024,202412,13,
06-12-2024 00:00,2024,December,12,Friday,6,Q4,12/2024,202412,13,
07-12-2024 00:00,2024,December,12,Saturday,7,Q4,12/2024,202412,13,
08-12-2024 00:00,2024,December,12,Sunday,1,Q4,12/2024,202412,13,
09-12-2024 00:00,2024,December,12,Monday,2,Q4,12/2024,202412,13,
10-12-2024 00:00,2024,December,12,Tuesday,3,Q4,12/2024,202412,13,
11-12-2024 00:00,2024,December,12,Wednesday,4,Q4,12/2024,202412,13,
12-12-2024 00:00,2024,December,12,Thursday,5,Q4,12/2024,202412,13,
13-12-2024 00:00,2024,December,12,Friday,6,Q4,12/2024,202412,13,
14-12-2024 00:00,2024,December,12,Saturday,7,Q4,12/2024,202412,13,
15-12-2024 00:00,2024,December,12,Sunday,1,Q4,12/2024,202412,13,
16-12-2024 00:00,2024,December,12,Monday,2,Q4,12/2024,202412,13,
17-12-2024 00:00,2024,December,12,Tuesday,3,Q4,12/2024,202412,13,
18-12-2024 00:00,2024,December,12,Wednesday,4,Q4,12/2024,202412,13,
19-12-2024 00:00,2024,December,12,Thursday,5,Q4,12/2024,202412,13,
20-12-2024 00:00,2024,December,12,Friday,6,Q4,12/2024,202412,13,
21-12-2024 00:00,2024,December,12,Saturday,7,Q4,12/2024,202412,13,
22-12-2024 00:00,2024,December,12,Sunday,1,Q4,12/2024,202412,13,
23-12-2024 00:00,2024,December,12,Monday,2,Q4,12/2024,202412,13,
24-12-2024 00:00,2024,December,12,Tuesday,3,Q4,12/2024,202412,13,
25-12-2024 00:00,2024,December,12,Wednesday,4,Q4,12/2024,202412,13,
26-12-2024 00:00,2024,December,12,Thursday,5,Q4,12/2024,202412,13,
27-12-2024 00:00,2024,December,12,Friday,6,Q4,12/2024,202412,13,
28-12-2024 00:00,2024,December,12,Saturday,7,Q4,12/2024,202412,13,
29-12-2024 00:00,2024,December,12,Sunday,1,Q4,12/2024,202412,13,
30-12-2024 00:00,2024,December,12,Monday,2,Q4,12/2024,202412,13,
31-12-2024 00:00,2024,December,12,Tuesday,3,Q4,12/2024,202412,13,
01-12-2025 00:00,2025,December,12,Monday,2,Q4,12/2025,202512,1,
02-12-2025 00:00,2025,December,12,Tuesday,3,Q4,12/2025,202512,1,
03-12-2025 00:00,2025,December,12,Wednesday,4,Q4,12/2025,202512,1,
04-12-2025 00:00,2025,December,12,Thursday,5,Q4,12/2025,202512,1,
05-12-2025 00:00,2025,December,12,Friday,6,Q4,12/2025,202512,1,
06-12-2025 00:00,2025,December,12,Saturday,7,Q4,12/2025,202512,1,
07-12-2025 00:00,2025,December,12,Sunday,1,Q4,12/2025,202512,1,
08-12-2025 00:00,2025,December,12,Monday,2,Q4,12/2025,202512,1,
09-12-2025 00:00,2025,December,12,Tuesday,3,Q4,12/2025,202512,1,
10-12-2025 00:00,2025,December,12,Wednesday,4,Q4,12/2025,202512,1,
11-12-2025 00:00,2025,December,12,Thursday,5,Q4,12/2025,202512,1,
12-12-2025 00:00,2025,December,12,Friday,6,Q4,12/2025,202512,1,
13-12-2025 00:00,2025,December,12,Saturday,7,Q4,12/2025,202512,1,
14-12-2025 00:00,2025,December,12,Sunday,1,Q4,12/2025,202512,1,
15-12-2025 00:00,2025,December,12,Monday,2,Q4,12/2025,202512,1,
16-12-2025 00:00,2025,December,12,Tuesday,3,Q4,12/2025,202512,1,
17-12-2025 00:00,2025,December,12,Wednesday,4,Q4,12/2025,202512,1,
18-12-2025 00:00,2025,December,12,Thursday,5,Q4,12/2025,202512,1,
19-12-2025 00:00,2025,December,12,Friday,6,Q4,12/2025,202512,1,
20-12-2025 00:00,2025,December,12,Saturday,7,Q4,12/2025,202512,1,
21-12-2025 00:00,2025,December,12,Sunday,1,Q4,12/2025,202512,1,
22-12-2025 00:00,2025,December,12,Monday,2,Q4,12/2025,202512,1,
23-12-2025 00:00,2025,December,12,Tuesday,3,Q4,12/2025,202512,1,
24-12-2025 00:00,2025,December,12,Wednesday,4,Q4,12/2025,202512,1,
25-12-2025 00:00,2025,December,12,Thursday,5,Q4,12/2025,202512,1,
26-12-2025 00:00,2025,December,12,Friday,6,Q4,12/2025,202512,1,
27-12-2025 00:00,2025,December,12,Saturday,7,Q4,12/2025,202512,1,
28-12-2025 00:00,2025,December,12,Sunday,1,Q4,12/2025,202512,1,
29-12-2025 00:00,2025,December,12,Monday,2,Q4,12/2025,202512,1,
30-12-2025 00:00,2025,December,12,Tuesday,3,Q4,12/2025,202512,1,
31-12-2025 00:00,2025,December,12,Wednesday,4,Q4,12/2025,202512,1,
01-10-2022 00:00,2022,October,10,Saturday,7,Q4,10/2022,202210,39,
02-10-2022 00:00,2022,October,10,Sunday,1,Q4,10/2022,202210,39,
03-10-2022 00:00,2022,October,10,Monday,2,Q4,10/2022,202210,39,
04-10-2022 00:00,2022,October,10,Tuesday,3,Q4,10/2022,202210,39,
05-10-2022 00:00,2022,October,10,Wednesday,4,Q4,10/2022,202210,39,
06-10-2022 00:00,2022,October,10,Thursday,5,Q4,10/2022,202210,39,
07-10-2022 00:00,2022,October,10,Friday,6,Q4,10/2022,202210,39,
08-10-2022 00:00,2022,October,10,Saturday,7,Q4,10/2022,202210,39,
09-10-2022 00:00,2022,October,10,Sunday,1,Q4,10/2022,202210,39,
10-10-2022 00:00,2022,October,10,Monday,2,Q4,10/2022,202210,39,
11-10-2022 00:00,2022,October,10,Tuesday,3,Q4,10/2022,202210,39,
12-10-2022 00:00,2022,October,10,Wednesday,4,Q4,10/2022,202210,39,
13-10-2022 00:00,2022,October,10,Thursday,5,Q4,10/2022,202210,39,
14-10-2022 00:00,2022,October,10,Friday,6,Q4,10/2022,202210,39,
15-10-2022 00:00,2022,October,10,Saturday,7,Q4,10/2022,202210,39,
16-10-2022 00:00,2022,October,10,Sunday,1,Q4,10/2022,202210,39,
17-10-2022 00:00,2022,October,10,Monday,2,Q4,10/2022,202210,39,
18-10-2022 00:00,2022,October,10,Tuesday,3,Q4,10/2022,202210,39,
19-10-2022 00:00,2022,October,10,Wednesday,4,Q4,10/2022,202210,39,
20-10-2022 00:00,2022,October,10,Thursday,5,Q4,10/2022,202210,39,
21-10-2022 00:00,2022,October,10,Friday,6,Q4,10/2022,202210,39,
22-10-2022 00:00,2022,October,10,Saturday,7,Q4,10/2022,202210,39,
23-10-2022 00:00,2022,October,10,Sunday,1,Q4,10/2022,202210,39,
24-10-2022 00:00,2022,October,10,Monday,2,Q4,10/2022,202210,39,
25-10-2022 00:00,2022,October,10,Tuesday,3,Q4,10/2022,202210,39,
26-10-2022 00:00,2022,October,10,Wednesday,4,Q4,10/2022,202210,39,
27-10-2022 00:00,2022,October,10,Thursday,5,Q4,10/2022,202210,39,
28-10-2022 00:00,2022,October,10,Friday,6,Q4,10/2022,202210,39,
29-10-2022 00:00,2022,October,10,Saturday,7,Q4,10/2022,202210,39,
30-10-2022 00:00,2022,October,10,Sunday,1,Q4,10/2022,202210,39,
31-10-2022 00:00,2022,October,10,Monday,2,Q4,10/2022,202210,39,
01-10-2023 00:00,2023,October,10,Sunday,1,Q4,10/2023,202310,27,
02-10-2023 00:00,2023,October,10,Monday,2,Q4,10/2023,202310,27,
03-10-2023 00:00,2023,October,10,Tuesday,3,Q4,10/2023,202310,27,
04-10-2023 00:00,2023,October,10,Wednesday,4,Q4,10/2023,202310,27,
05-10-2023 00:00,2023,October,10,Thursday,5,Q4,10/2023,202310,27,
06-10-2023 00:00,2023,October,10,Friday,6,Q4,10/2023,202310,27,
07-10-2023 00:00,2023,October,10,Saturday,7,Q4,10/2023,202310,27,
08-10-2023 00:00,2023,October,10,Sunday,1,Q4,10/2023,202310,27,
09-10-2023 00:00,2023,October,10,Monday,2,Q4,10/2023,202310,27,
10-10-2023 00:00,2023,October,10,Tuesday,3,Q4,10/2023,202310,27,
11-10-2023 00:00,2023,October,10,Wednesday,4,Q4,10/2023,202310,27,
12-10-2023 00:00,2023,October,10,Thursday,5,Q4,10/2023,202310,27,
13-10-2023 00:00,2023,October,10,Friday,6,Q4,10/2023,202310,27,
14-10-2023 00:00,2023,October,10,Saturday,7,Q4,10/2023,202310,27,
15-10-2023 00:00,2023,October,10,Sunday,1,Q4,10/2023,202310,27,
16-10-2023 00:00,2023,October,10,Monday,2,Q4,10/2023,202310,27,
17-10-2023 00:00,2023,October,10,Tuesday,3,Q4,10/2023,202310,27,
18-10-2023 00:00,2023,October,10,Wednesday,4,Q4,10/2023,202310,27,
19-10-2023 00:00,2023,October,10,Thursday,5,Q4,10/2023,202310,27,
20-10-2023 00:00,2023,October,10,Friday,6,Q4,10/2023,202310,27,
21-10-2023 00:00,2023,October,10,Saturday,7,Q4,10/2023,202310,27,
22-10-2023 00:00,2023,October,10,Sunday,1,Q4,10/2023,202310,27,
23-10-2023 00:00,2023,October,10,Monday,2,Q4,10/2023,202310,27,
24-10-2023 00:00,2023,October,10,Tuesday,3,Q4,10/2023,202310,27,
25-10-2023 00:00,2023,October,10,Wednesday,4,Q4,10/2023,202310,27,
26-10-2023 00:00,2023,October,10,Thursday,5,Q4,10/2023,202310,27,
27-10-2023 00:00,2023,October,10,Friday,6,Q4,10/2023,202310,27,
28-10-2023 00:00,2023,October,10,Saturday,7,Q4,10/2023,202310,27,
29-10-2023 00:00,2023,October,10,Sunday,1,Q4,10/2023,202310,27,
30-10-2023 00:00,2023,October,10,Monday,2,Q4,10/2023,202310,27,
31-10-2023 00:00,2023,October,10,Tuesday,3,Q4,10/2023,202310,27,
01-10-2024 00:00,2024,October,10,Tuesday,3,Q4,10/2024,202410,15,FY'24
02-10-2024 00:00,2024,October,10,Wednesday,4,Q4,10/2024,202410,15,FY'24
03-10-2024 00:00,2024,October,10,Thursday,5,Q4,10/2024,202410,15,FY'24
04-10-2024 00:00,2024,October,10,Friday,6,Q4,10/2024,202410,15,FY'24
05-10-2024 00:00,2024,October,10,Saturday,7,Q4,10/2024,202410,15,FY'24
06-10-2024 00:00,2024,October,10,Sunday,1,Q4,10/2024,202410,15,FY'24
07-10-2024 00:00,2024,October,10,Monday,2,Q4,10/2024,202410,15,FY'24
08-10-2024 00:00,2024,October,10,Tuesday,3,Q4,10/2024,202410,15,FY'24
09-10-2024 00:00,2024,October,10,Wednesday,4,Q4,10/2024,202410,15,FY'24
10-10-2024 00:00,2024,October,10,Thursday,5,Q4,10/2024,202410,15,FY'24
11-10-2024 00:00,2024,October,10,Friday,6,Q4,10/2024,202410,15,FY'24
12-10-2024 00:00,2024,October,10,Saturday,7,Q4,10/2024,202410,15,FY'24
13-10-2024 00:00,2024,October,10,Sunday,1,Q4,10/2024,202410,15,FY'24
14-10-2024 00:00,2024,October,10,Monday,2,Q4,10/2024,202410,15,FY'24
15-10-2024 00:00,2024,October,10,Tuesday,3,Q4,10/2024,202410,15,FY'24
16-10-2024 00:00,2024,October,10,Wednesday,4,Q4,10/2024,202410,15,FY'24
17-10-2024 00:00,2024,October,10,Thursday,5,Q4,10/2024,202410,15,FY'24
18-10-2024 00:00,2024,October,10,Friday,6,Q4,10/2024,202410,15,FY'24
19-10-2024 00:00,2024,October,10,Saturday,7,Q4,10/2024,202410,15,FY'24
20-10-2024 00:00,2024,October,10,Sunday,1,Q4,10/2024,202410,15,FY'24
21-10-2024 00:00,2024,October,10,Monday,2,Q4,10/2024,202410,15,FY'24
22-10-2024 00:00,2024,October,10,Tuesday,3,Q4,10/2024,202410,15,FY'24
23-10-2024 00:00,2024,October,10,Wednesday,4,Q4,10/2024,202410,15,FY'24
24-10-2024 00:00,2024,October,10,Thursday,5,Q4,10/2024,202410,15,FY'24
25-10-2024 00:00,2024,October,10,Friday,6,Q4,10/2024,202410,15,FY'24
26-10-2024 00:00,2024,October,10,Saturday,7,Q4,10/2024,202410,15,FY'24
27-10-2024 00:00,2024,October,10,Sunday,1,Q4,10/2024,202410,15,FY'24
28-10-2024 00:00,2024,October,10,Monday,2,Q4,10/2024,202410,15,FY'24
29-10-2024 00:00,2024,October,10,Tuesday,3,Q4,10/2024,202410,15,FY'24
30-10-2024 00:00,2024,October,10,Wednesday,4,Q4,10/2024,202410,15,FY'24
31-10-2024 00:00,2024,October,10,Thursday,5,Q4,10/2024,202410,15,FY'24
01-10-2025 00:00,2025,October,10,Wednesday,4,Q4,10/2025,202510,3,
02-10-2025 00:00,2025,October,10,Thursday,5,Q4,10/2025,202510,3,
03-10-2025 00:00,2025,October,10,Friday,6,Q4,10/2025,202510,3,
04-10-2025 00:00,2025,October,10,Saturday,7,Q4,10/2025,202510,3,
05-10-2025 00:00,2025,October,10,Sunday,1,Q4,10/2025,202510,3,
06-10-2025 00:00,2025,October,10,Monday,2,Q4,10/2025,202510,3,
07-10-2025 00:00,2025,October,10,Tuesday,3,Q4,10/2025,202510,3,
08-10-2025 00:00,2025,October,10,Wednesday,4,Q4,10/2025,202510,3,
09-10-2025 00:00,2025,October,10,Thursday,5,Q4,10/2025,202510,3,
10-10-2025 00:00,2025,October,10,Friday,6,Q4,10/2025,202510,3,
11-10-2025 00:00,2025,October,10,Saturday,7,Q4,10/2025,202510,3,
12-10-2025 00:00,2025,October,10,Sunday,1,Q4,10/2025,202510,3,
13-10-2025 00:00,2025,October,10,Monday,2,Q4,10/2025,202510,3,
14-10-2025 00:00,2025,October,10,Tuesday,3,Q4,10/2025,202510,3,
15-10-2025 00:00,2025,October,10,Wednesday,4,Q4,10/2025,202510,3,
16-10-2025 00:00,2025,October,10,Thursday,5,Q4,10/2025,202510,3,
17-10-2025 00:00,2025,October,10,Friday,6,Q4,10/2025,202510,3,
18-10-2025 00:00,2025,October,10,Saturday,7,Q4,10/2025,202510,3,
19-10-2025 00:00,2025,October,10,Sunday,1,Q4,10/2025,202510,3,
20-10-2025 00:00,2025,October,10,Monday,2,Q4,10/2025,202510,3,
21-10-2025 00:00,2025,October,10,Tuesday,3,Q4,10/2025,202510,3,
22-10-2025 00:00,2025,October,10,Wednesday,4,Q4,10/2025,202510,3,
23-10-2025 00:00,2025,October,10,Thursday,5,Q4,10/2025,202510,3,
24-10-2025 00:00,2025,October,10,Friday,6,Q4,10/2025,202510,3,
25-10-2025 00:00,2025,October,10,Saturday,7,Q4,10/2025,202510,3,
26-10-2025 00:00,2025,October,10,Sunday,1,Q4,10/2025,202510,3,
27-10-2025 00:00,2025,October,10,Monday,2,Q4,10/2025,202510,3,
28-10-2025 00:00,2025,October,10,Tuesday,3,Q4,10/2025,202510,3,
29-10-2025 00:00,2025,October,10,Wednesday,4,Q4,10/2025,202510,3,
30-10-2025 00:00,2025,October,10,Thursday,5,Q4,10/2025,202510,3,
31-10-2025 00:00,2025,October,10,Friday,6,Q4,10/2025,202510,3,
01-05-2022 00:00,2022,May,5,Sunday,1,Q2,05/2022,202205,44,
02-05-2022 00:00,2022,May,5,Monday,2,Q2,05/2022,202205,44,
03-05-2022 00:00,2022,May,5,Tuesday,3,Q2,05/2022,202205,44,
04-05-2022 00:00,2022,May,5,Wednesday,4,Q2,05/2022,202205,44,
05-05-2022 00:00,2022,May,5,Thursday,5,Q2,05/2022,202205,44,
06-05-2022 00:00,2022,May,5,Friday,6,Q2,05/2022,202205,44,
07-05-2022 00:00,2022,May,5,Saturday,7,Q2,05/2022,202205,44,
08-05-2022 00:00,2022,May,5,Sunday,1,Q2,05/2022,202205,44,
09-05-2022 00:00,2022,May,5,Monday,2,Q2,05/2022,202205,44,
10-05-2022 00:00,2022,May,5,Tuesday,3,Q2,05/2022,202205,44,
11-05-2022 00:00,2022,May,5,Wednesday,4,Q2,05/2022,202205,44,
12-05-2022 00:00,2022,May,5,Thursday,5,Q2,05/2022,202205,44,
13-05-2022 00:00,2022,May,5,Friday,6,Q2,05/2022,202205,44,
14-05-2022 00:00,2022,May,5,Saturday,7,Q2,05/2022,202205,44,
15-05-2022 00:00,2022,May,5,Sunday,1,Q2,05/2022,202205,44,
16-05-2022 00:00,2022,May,5,Monday,2,Q2,05/2022,202205,44,
17-05-2022 00:00,2022,May,5,Tuesday,3,Q2,05/2022,202205,44,
18-05-2022 00:00,2022,May,5,Wednesday,4,Q2,05/2022,202205,44,
19-05-2022 00:00,2022,May,5,Thursday,5,Q2,05/2022,202205,44,
20-05-2022 00:00,2022,May,5,Friday,6,Q2,05/2022,202205,44,
21-05-2022 00:00,2022,May,5,Saturday,7,Q2,05/2022,202205,44,
22-05-2022 00:00,2022,May,5,Sunday,1,Q2,05/2022,202205,44,
23-05-2022 00:00,2022,May,5,Monday,2,Q2,05/2022,202205,44,
24-05-2022 00:00,2022,May,5,Tuesday,3,Q2,05/2022,202205,44,
25-05-2022 00:00,2022,May,5,Wednesday,4,Q2,05/2022,202205,44,
26-05-2022 00:00,2022,May,5,Thursday,5,Q2,05/2022,202205,44,
27-05-2022 00:00,2022,May,5,Friday,6,Q2,05/2022,202205,44,
28-05-2022 00:00,2022,May,5,Saturday,7,Q2,05/2022,202205,44,
29-05-2022 00:00,2022,May,5,Sunday,1,Q2,05/2022,202205,44,
30-05-2022 00:00,2022,May,5,Monday,2,Q2,05/2022,202205,44,
31-05-2022 00:00,2022,May,5,Tuesday,3,Q2,05/2022,202205,44,
01-05-2023 00:00,2023,May,5,Monday,2,Q2,05/2023,202305,32,
02-05-2023 00:00,2023,May,5,Tuesday,3,Q2,05/2023,202305,32,
03-05-2023 00:00,2023,May,5,Wednesday,4,Q2,05/2023,202305,32,
04-05-2023 00:00,2023,May,5,Thursday,5,Q2,05/2023,202305,32,
05-05-2023 00:00,2023,May,5,Friday,6,Q2,05/2023,202305,32,
06-05-2023 00:00,2023,May,5,Saturday,7,Q2,05/2023,202305,32,
07-05-2023 00:00,2023,May,5,Sunday,1,Q2,05/2023,202305,32,
08-05-2023 00:00,2023,May,5,Monday,2,Q2,05/2023,202305,32,
09-05-2023 00:00,2023,May,5,Tuesday,3,Q2,05/2023,202305,32,
10-05-2023 00:00,2023,May,5,Wednesday,4,Q2,05/2023,202305,32,
11-05-2023 00:00,2023,May,5,Thursday,5,Q2,05/2023,202305,32,
12-05-2023 00:00,2023,May,5,Friday,6,Q2,05/2023,202305,32,
13-05-2023 00:00,2023,May,5,Saturday,7,Q2,05/2023,202305,32,
14-05-2023 00:00,2023,May,5,Sunday,1,Q2,05/2023,202305,32,
15-05-2023 00:00,2023,May,5,Monday,2,Q2,05/2023,202305,32,
16-05-2023 00:00,2023,May,5,Tuesday,3,Q2,05/2023,202305,32,
17-05-2023 00:00,2023,May,5,Wednesday,4,Q2,05/2023,202305,32,
18-05-2023 00:00,2023,May,5,Thursday,5,Q2,05/2023,202305,32,
19-05-2023 00:00,2023,May,5,Friday,6,Q2,05/2023,202305,32,
20-05-2023 00:00,2023,May,5,Saturday,7,Q2,05/2023,202305,32,
21-05-2023 00:00,2023,May,5,Sunday,1,Q2,05/2023,202305,32,
22-05-2023 00:00,2023,May,5,Monday,2,Q2,05/2023,202305,32,
23-05-2023 00:00,2023,May,5,Tuesday,3,Q2,05/2023,202305,32,
24-05-2023 00:00,2023,May,5,Wednesday,4,Q2,05/2023,202305,32,
25-05-2023 00:00,2023,May,5,Thursday,5,Q2,05/2023,202305,32,
26-05-2023 00:00,2023,May,5,Friday,6,Q2,05/2023,202305,32,
27-05-2023 00:00,2023,May,5,Saturday,7,Q2,05/2023,202305,32,
28-05-2023 00:00,2023,May,5,Sunday,1,Q2,05/2023,202305,32,
29-05-2023 00:00,2023,May,5,Monday,2,Q2,05/2023,202305,32,
30-05-2023 00:00,2023,May,5,Tuesday,3,Q2,05/2023,202305,32,
31-05-2023 00:00,2023,May,5,Wednesday,4,Q2,05/2023,202305,32,
01-05-2024 00:00,2024,May,5,Wednesday,4,Q2,05/2024,202405,20,FY'24
02-05-2024 00:00,2024,May,5,Thursday,5,Q2,05/2024,202405,20,FY'24
03-05-2024 00:00,2024,May,5,Friday,6,Q2,05/2024,202405,20,FY'24
04-05-2024 00:00,2024,May,5,Saturday,7,Q2,05/2024,202405,20,FY'24
05-05-2024 00:00,2024,May,5,Sunday,1,Q2,05/2024,202405,20,FY'24
06-05-2024 00:00,2024,May,5,Monday,2,Q2,05/2024,202405,20,FY'24
07-05-2024 00:00,2024,May,5,Tuesday,3,Q2,05/2024,202405,20,FY'24
08-05-2024 00:00,2024,May,5,Wednesday,4,Q2,05/2024,202405,20,FY'24
09-05-2024 00:00,2024,May,5,Thursday,5,Q2,05/2024,202405,20,FY'24
10-05-2024 00:00,2024,May,5,Friday,6,Q2,05/2024,202405,20,FY'24
11-05-2024 00:00,2024,May,5,Saturday,7,Q2,05/2024,202405,20,FY'24
12-05-2024 00:00,2024,May,5,Sunday,1,Q2,05/2024,202405,20,FY'24
13-05-2024 00:00,2024,May,5,Monday,2,Q2,05/2024,202405,20,FY'24
14-05-2024 00:00,2024,May,5,Tuesday,3,Q2,05/2024,202405,20,FY'24
15-05-2024 00:00,2024,May,5,Wednesday,4,Q2,05/2024,202405,20,FY'24
16-05-2024 00:00,2024,May,5,Thursday,5,Q2,05/2024,202405,20,FY'24
17-05-2024 00:00,2024,May,5,Friday,6,Q2,05/2024,202405,20,FY'24
18-05-2024 00:00,2024,May,5,Saturday,7,Q2,05/2024,202405,20,FY'24
19-05-2024 00:00,2024,May,5,Sunday,1,Q2,05/2024,202405,20,FY'24
20-05-2024 00:00,2024,May,5,Monday,2,Q2,05/2024,202405,20,FY'24
21-05-2024 00:00,2024,May,5,Tuesday,3,Q2,05/2024,202405,20,FY'24
22-05-2024 00:00,2024,May,5,Wednesday,4,Q2,05/2024,202405,20,FY'24
23-05-2024 00:00,2024,May,5,Thursday,5,Q2,05/2024,202405,20,FY'24
24-05-2024 00:00,2024,May,5,Friday,6,Q2,05/2024,202405,20,FY'24
25-05-2024 00:00,2024,May,5,Saturday,7,Q2,05/2024,202405,20,FY'24
26-05-2024 00:00,2024,May,5,Sunday,1,Q2,05/2024,202405,20,FY'24
27-05-2024 00:00,2024,May,5,Monday,2,Q2,05/2024,202405,20,FY'24
28-05-2024 00:00,2024,May,5,Tuesday,3,Q2,05/2024,202405,20,FY'24
29-05-2024 00:00,2024,May,5,Wednesday,4,Q2,05/2024,202405,20,FY'24
30-05-2024 00:00,2024,May,5,Thursday,5,Q2,05/2024,202405,20,FY'24
31-05-2024 00:00,2024,May,5,Friday,6,Q2,05/2024,202405,20,FY'24
01-05-2025 00:00,2025,May,5,Thursday,5,Q2,05/2025,202505,8,
02-05-2025 00:00,2025,May,5,Friday,6,Q2,05/2025,202505,8,
03-05-2025 00:00,2025,May,5,Saturday,7,Q2,05/2025,202505,8,
04-05-2025 00:00,2025,May,5,Sunday,1,Q2,05/2025,202505,8,
05-05-2025 00:00,2025,May,5,Monday,2,Q2,05/2025,202505,8,
06-05-2025 00:00,2025,May,5,Tuesday,3,Q2,05/2025,202505,8,
07-05-2025 00:00,2025,May,5,Wednesday,4,Q2,05/2025,202505,8,
08-05-2025 00:00,2025,May,5,Thursday,5,Q2,05/2025,202505,8,
09-05-2025 00:00,2025,May,5,Friday,6,Q2,05/2025,202505,8,
10-05-2025 00:00,2025,May,5,Saturday,7,Q2,05/2025,202505,8,
11-05-2025 00:00,2025,May,5,Sunday,1,Q2,05/2025,202505,8,
12-05-2025 00:00,2025,May,5,Monday,2,Q2,05/2025,202505,8,
13-05-2025 00:00,2025,May,5,Tuesday,3,Q2,05/2025,202505,8,
14-05-2025 00:00,2025,May,5,Wednesday,4,Q2,05/2025,202505,8,
15-05-2025 00:00,2025,May,5,Thursday,5,Q2,05/2025,202505,8,
16-05-2025 00:00,2025,May,5,Friday,6,Q2,05/2025,202505,8,
17-05-2025 00:00,2025,May,5,Saturday,7,Q2,05/2025,202505,8,
18-05-2025 00:00,2025,May,5,Sunday,1,Q2,05/2025,202505,8,
19-05-2025 00:00,2025,May,5,Monday,2,Q2,05/2025,202505,8,
20-05-2025 00:00,2025,May,5,Tuesday,3,Q2,05/2025,202505,8,
21-05-2025 00:00,2025,May,5,Wednesday,4,Q2,05/2025,202505,8,
22-05-2025 00:00,2025,May,5,Thursday,5,Q2,05/2025,202505,8,
23-05-2025 00:00,2025,May,5,Friday,6,Q2,05/2025,202505,8,
24-05-2025 00:00,2025,May,5,Saturday,7,Q2,05/2025,202505,8,
25-05-2025 00:00,2025,May,5,Sunday,1,Q2,05/2025,202505,8,
26-05-2025 00:00,2025,May,5,Monday,2,Q2,05/2025,202505,8,
27-05-2025 00:00,2025,May,5,Tuesday,3,Q2,05/2025,202505,8,
28-05-2025 00:00,2025,May,5,Wednesday,4,Q2,05/2025,202505,8,
29-05-2025 00:00,2025,May,5,Thursday,5,Q2,05/2025,202505,8,
30-05-2025 00:00,2025,May,5,Friday,6,Q2,05/2025,202505,8,
31-05-2025 00:00,2025,May,5,Saturday,7,Q2,05/2025,202505,8,
01-04-2022 00:00,2022,April,4,Friday,6,Q2,04/2022,202204,45,
02-04-2022 00:00,2022,April,4,Saturday,7,Q2,04/2022,202204,45,
03-04-2022 00:00,2022,April,4,Sunday,1,Q2,04/2022,202204,45,
04-04-2022 00:00,2022,April,4,Monday,2,Q2,04/2022,202204,45,
05-04-2022 00:00,2022,April,4,Tuesday,3,Q2,04/2022,202204,45,
06-04-2022 00:00,2022,April,4,Wednesday,4,Q2,04/2022,202204,45,
07-04-2022 00:00,2022,April,4,Thursday,5,Q2,04/2022,202204,45,
08-04-2022 00:00,2022,April,4,Friday,6,Q2,04/2022,202204,45,
09-04-2022 00:00,2022,April,4,Saturday,7,Q2,04/2022,202204,45,
10-04-2022 00:00,2022,April,4,Sunday,1,Q2,04/2022,202204,45,
11-04-2022 00:00,2022,April,4,Monday,2,Q2,04/2022,202204,45,
12-04-2022 00:00,2022,April,4,Tuesday,3,Q2,04/2022,202204,45,
13-04-2022 00:00,2022,April,4,Wednesday,4,Q2,04/2022,202204,45,
14-04-2022 00:00,2022,April,4,Thursday,5,Q2,04/2022,202204,45,
15-04-2022 00:00,2022,April,4,Friday,6,Q2,04/2022,202204,45,
16-04-2022 00:00,2022,April,4,Saturday,7,Q2,04/2022,202204,45,
17-04-2022 00:00,2022,April,4,Sunday,1,Q2,04/2022,202204,45,
18-04-2022 00:00,2022,April,4,Monday,2,Q2,04/2022,202204,45,
19-04-2022 00:00,2022,April,4,Tuesday,3,Q2,04/2022,202204,45,
20-04-2022 00:00,2022,April,4,Wednesday,4,Q2,04/2022,202204,45,
21-04-2022 00:00,2022,April,4,Thursday,5,Q2,04/2022,202204,45,
22-04-2022 00:00,2022,April,4,Friday,6,Q2,04/2022,202204,45,
23-04-2022 00:00,2022,April,4,Saturday,7,Q2,04/2022,202204,45,
24-04-2022 00:00,2022,April,4,Sunday,1,Q2,04/2022,202204,45,
25-04-2022 00:00,2022,April,4,Monday,2,Q2,04/2022,202204,45,
26-04-2022 00:00,2022,April,4,Tuesday,3,Q2,04/2022,202204,45,
27-04-2022 00:00,2022,April,4,Wednesday,4,Q2,04/2022,202204,45,
28-04-2022 00:00,2022,April,4,Thursday,5,Q2,04/2022,202204,45,
29-04-2022 00:00,2022,April,4,Friday,6,Q2,04/2022,202204,45,
30-04-2022 00:00,2022,April,4,Saturday,7,Q2,04/2022,202204,45,
01-04-2023 00:00,2023,April,4,Saturday,7,Q2,04/2023,202304,33,
02-04-2023 00:00,2023,April,4,Sunday,1,Q2,04/2023,202304,33,
03-04-2023 00:00,2023,April,4,Monday,2,Q2,04/2023,202304,33,
04-04-2023 00:00,2023,April,4,Tuesday,3,Q2,04/2023,202304,33,
05-04-2023 00:00,2023,April,4,Wednesday,4,Q2,04/2023,202304,33,
06-04-2023 00:00,2023,April,4,Thursday,5,Q2,04/2023,202304,33,
07-04-2023 00:00,2023,April,4,Friday,6,Q2,04/2023,202304,33,
08-04-2023 00:00,2023,April,4,Saturday,7,Q2,04/2023,202304,33,
09-04-2023 00:00,2023,April,4,Sunday,1,Q2,04/2023,202304,33,
10-04-2023 00:00,2023,April,4,Monday,2,Q2,04/2023,202304,33,
11-04-2023 00:00,2023,April,4,Tuesday,3,Q2,04/2023,202304,33,
12-04-2023 00:00,2023,April,4,Wednesday,4,Q2,04/2023,202304,33,
13-04-2023 00:00,2023,April,4,Thursday,5,Q2,04/2023,202304,33,
14-04-2023 00:00,2023,April,4,Friday,6,Q2,04/2023,202304,33,
15-04-2023 00:00,2023,April,4,Saturday,7,Q2,04/2023,202304,33,
16-04-2023 00:00,2023,April,4,Sunday,1,Q2,04/2023,202304,33,
17-04-2023 00:00,2023,April,4,Monday,2,Q2,04/2023,202304,33,
18-04-2023 00:00,2023,April,4,Tuesday,3,Q2,04/2023,202304,33,
19-04-2023 00:00,2023,April,4,Wednesday,4,Q2,04/2023,202304,33,
20-04-2023 00:00,2023,April,4,Thursday,5,Q2,04/2023,202304,33,
21-04-2023 00:00,2023,April,4,Friday,6,Q2,04/2023,202304,33,
22-04-2023 00:00,2023,April,4,Saturday,7,Q2,04/2023,202304,33,
23-04-2023 00:00,2023,April,4,Sunday,1,Q2,04/2023,202304,33,
24-04-2023 00:00,2023,April,4,Monday,2,Q2,04/2023,202304,33,
25-04-2023 00:00,2023,April,4,Tuesday,3,Q2,04/2023,202304,33,
26-04-2023 00:00,2023,April,4,Wednesday,4,Q2,04/2023,202304,33,
27-04-2023 00:00,2023,April,4,Thursday,5,Q2,04/2023,202304,33,
28-04-2023 00:00,2023,April,4,Friday,6,Q2,04/2023,202304,33,
29-04-2023 00:00,2023,April,4,Saturday,7,Q2,04/2023,202304,33,
30-04-2023 00:00,2023,April,4,Sunday,1,Q2,04/2023,202304,33,
01-04-2024 00:00,2024,April,4,Monday,2,Q2,04/2024,202404,21,FY'24
02-04-2024 00:00,2024,April,4,Tuesday,3,Q2,04/2024,202404,21,FY'24
03-04-2024 00:00,2024,April,4,Wednesday,4,Q2,04/2024,202404,21,FY'24
04-04-2024 00:00,2024,April,4,Thursday,5,Q2,04/2024,202404,21,FY'24
05-04-2024 00:00,2024,April,4,Friday,6,Q2,04/2024,202404,21,FY'24
06-04-2024 00:00,2024,April,4,Saturday,7,Q2,04/2024,202404,21,FY'24
07-04-2024 00:00,2024,April,4,Sunday,1,Q2,04/2024,202404,21,FY'24
08-04-2024 00:00,2024,April,4,Monday,2,Q2,04/2024,202404,21,FY'24
09-04-2024 00:00,2024,April,4,Tuesday,3,Q2,04/2024,202404,21,FY'24
10-04-2024 00:00,2024,April,4,Wednesday,4,Q2,04/2024,202404,21,FY'24
11-04-2024 00:00,2024,April,4,Thursday,5,Q2,04/2024,202404,21,FY'24
12-04-2024 00:00,2024,April,4,Friday,6,Q2,04/2024,202404,21,FY'24
13-04-2024 00:00,2024,April,4,Saturday,7,Q2,04/2024,202404,21,FY'24
14-04-2024 00:00,2024,April,4,Sunday,1,Q2,04/2024,202404,21,FY'24
15-04-2024 00:00,2024,April,4,Monday,2,Q2,04/2024,202404,21,FY'24
16-04-2024 00:00,2024,April,4,Tuesday,3,Q2,04/2024,202404,21,FY'24
17-04-2024 00:00,2024,April,4,Wednesday,4,Q2,04/2024,202404,21,FY'24
18-04-2024 00:00,2024,April,4,Thursday,5,Q2,04/2024,202404,21,FY'24
19-04-2024 00:00,2024,April,4,Friday,6,Q2,04/2024,202404,21,FY'24
20-04-2024 00:00,2024,April,4,Saturday,7,Q2,04/2024,202404,21,FY'24
21-04-2024 00:00,2024,April,4,Sunday,1,Q2,04/2024,202404,21,FY'24
22-04-2024 00:00,2024,April,4,Monday,2,Q2,04/2024,202404,21,FY'24
23-04-2024 00:00,2024,April,4,Tuesday,3,Q2,04/2024,202404,21,FY'24
24-04-2024 00:00,2024,April,4,Wednesday,4,Q2,04/2024,202404,21,FY'24
25-04-2024 00:00,2024,April,4,Thursday,5,Q2,04/2024,202404,21,FY'24
26-04-2024 00:00,2024,April,4,Friday,6,Q2,04/2024,202404,21,FY'24
27-04-2024 00:00,2024,April,4,Saturday,7,Q2,04/2024,202404,21,FY'24
28-04-2024 00:00,2024,April,4,Sunday,1,Q2,04/2024,202404,21,FY'24
29-04-2024 00:00,2024,April,4,Monday,2,Q2,04/2024,202404,21,FY'24
30-04-2024 00:00,2024,April,4,Tuesday,3,Q2,04/2024,202404,21,FY'24
01-04-2025 00:00,2025,April,4,Tuesday,3,Q2,04/2025,202504,9,
02-04-2025 00:00,2025,April,4,Wednesday,4,Q2,04/2025,202504,9,
03-04-2025 00:00,2025,April,4,Thursday,5,Q2,04/2025,202504,9,
04-04-2025 00:00,2025,April,4,Friday,6,Q2,04/2025,202504,9,
05-04-2025 00:00,2025,April,4,Saturday,7,Q2,04/2025,202504,9,
06-04-2025 00:00,2025,April,4,Sunday,1,Q2,04/2025,202504,9,
07-04-2025 00:00,2025,April,4,Monday,2,Q2,04/2025,202504,9,
08-04-2025 00:00,2025,April,4,Tuesday,3,Q2,04/2025,202504,9,
09-04-2025 00:00,2025,April,4,Wednesday,4,Q2,04/2025,202504,9,
10-04-2025 00:00,2025,April,4,Thursday,5,Q2,04/2025,202504,9,
11-04-2025 00:00,2025,April,4,Friday,6,Q2,04/2025,202504,9,
12-04-2025 00:00,2025,April,4,Saturday,7,Q2,04/2025,202504,9,
13-04-2025 00:00,2025,April,4,Sunday,1,Q2,04/2025,202504,9,
14-04-2025 00:00,2025,April,4,Monday,2,Q2,04/2025,202504,9,
15-04-2025 00:00,2025,April,4,Tuesday,3,Q2,04/2025,202504,9,
16-04-2025 00:00,2025,April,4,Wednesday,4,Q2,04/2025,202504,9,
17-04-2025 00:00,2025,April,4,Thursday,5,Q2,04/2025,202504,9,
18-04-2025 00:00,2025,April,4,Friday,6,Q2,04/2025,202504,9,
19-04-2025 00:00,2025,April,4,Saturday,7,Q2,04/2025,202504,9,
20-04-2025 00:00,2025,April,4,Sunday,1,Q2,04/2025,202504,9,
21-04-2025 00:00,2025,April,4,Monday,2,Q2,04/2025,202504,9,
22-04-2025 00:00,2025,April,4,Tuesday,3,Q2,04/2025,202504,9,
23-04-2025 00:00,2025,April,4,Wednesday,4,Q2,04/2025,202504,9,
24-04-2025 00:00,2025,April,4,Thursday,5,Q2,04/2025,202504,9,
25-04-2025 00:00,2025,April,4,Friday,6,Q2,04/2025,202504,9,
26-04-2025 00:00,2025,April,4,Saturday,7,Q2,04/2025,202504,9,
27-04-2025 00:00,2025,April,4,Sunday,1,Q2,04/2025,202504,9,
28-04-2025 00:00,2025,April,4,Monday,2,Q2,04/2025,202504,9,
29-04-2025 00:00,2025,April,4,Tuesday,3,Q2,04/2025,202504,9,
30-04-2025 00:00,2025,April,4,Wednesday,4,Q2,04/2025,202504,9,
01-06-2022 00:00,2022,June,6,Wednesday,4,Q2,06/2022,202206,43,
02-06-2022 00:00,2022,June,6,Thursday,5,Q2,06/2022,202206,43,
03-06-2022 00:00,2022,June,6,Friday,6,Q2,06/2022,202206,43,
04-06-2022 00:00,2022,June,6,Saturday,7,Q2,06/2022,202206,43,
05-06-2022 00:00,2022,June,6,Sunday,1,Q2,06/2022,202206,43,
06-06-2022 00:00,2022,June,6,Monday,2,Q2,06/2022,202206,43,
07-06-2022 00:00,2022,June,6,Tuesday,3,Q2,06/2022,202206,43,
08-06-2022 00:00,2022,June,6,Wednesday,4,Q2,06/2022,202206,43,
09-06-2022 00:00,2022,June,6,Thursday,5,Q2,06/2022,202206,43,
10-06-2022 00:00,2022,June,6,Friday,6,Q2,06/2022,202206,43,
11-06-2022 00:00,2022,June,6,Saturday,7,Q2,06/2022,202206,43,
12-06-2022 00:00,2022,June,6,Sunday,1,Q2,06/2022,202206,43,
13-06-2022 00:00,2022,June,6,Monday,2,Q2,06/2022,202206,43,
14-06-2022 00:00,2022,June,6,Tuesday,3,Q2,06/2022,202206,43,
15-06-2022 00:00,2022,June,6,Wednesday,4,Q2,06/2022,202206,43,
16-06-2022 00:00,2022,June,6,Thursday,5,Q2,06/2022,202206,43,
17-06-2022 00:00,2022,June,6,Friday,6,Q2,06/2022,202206,43,
18-06-2022 00:00,2022,June,6,Saturday,7,Q2,06/2022,202206,43,
19-06-2022 00:00,2022,June,6,Sunday,1,Q2,06/2022,202206,43,
20-06-2022 00:00,2022,June,6,Monday,2,Q2,06/2022,202206,43,
21-06-2022 00:00,2022,June,6,Tuesday,3,Q2,06/2022,202206,43,
22-06-2022 00:00,2022,June,6,Wednesday,4,Q2,06/2022,202206,43,
23-06-2022 00:00,2022,June,6,Thursday,5,Q2,06/2022,202206,43,
24-06-2022 00:00,2022,June,6,Friday,6,Q2,06/2022,202206,43,
25-06-2022 00:00,2022,June,6,Saturday,7,Q2,06/2022,202206,43,
26-06-2022 00:00,2022,June,6,Sunday,1,Q2,06/2022,202206,43,
27-06-2022 00:00,2022,June,6,Monday,2,Q2,06/2022,202206,43,
28-06-2022 00:00,2022,June,6,Tuesday,3,Q2,06/2022,202206,43,
29-06-2022 00:00,2022,June,6,Wednesday,4,Q2,06/2022,202206,43,
30-06-2022 00:00,2022,June,6,Thursday,5,Q2,06/2022,202206,43,
01-06-2023 00:00,2023,June,6,Thursday,5,Q2,06/2023,202306,31,
02-06-2023 00:00,2023,June,6,Friday,6,Q2,06/2023,202306,31,
03-06-2023 00:00,2023,June,6,Saturday,7,Q2,06/2023,202306,31,
04-06-2023 00:00,2023,June,6,Sunday,1,Q2,06/2023,202306,31,
05-06-2023 00:00,2023,June,6,Monday,2,Q2,06/2023,202306,31,
06-06-2023 00:00,2023,June,6,Tuesday,3,Q2,06/2023,202306,31,
07-06-2023 00:00,2023,June,6,Wednesday,4,Q2,06/2023,202306,31,
08-06-2023 00:00,2023,June,6,Thursday,5,Q2,06/2023,202306,31,
09-06-2023 00:00,2023,June,6,Friday,6,Q2,06/2023,202306,31,
10-06-2023 00:00,2023,June,6,Saturday,7,Q2,06/2023,202306,31,
11-06-2023 00:00,2023,June,6,Sunday,1,Q2,06/2023,202306,31,
12-06-2023 00:00,2023,June,6,Monday,2,Q2,06/2023,202306,31,
13-06-2023 00:00,2023,June,6,Tuesday,3,Q2,06/2023,202306,31,
14-06-2023 00:00,2023,June,6,Wednesday,4,Q2,06/2023,202306,31,
15-06-2023 00:00,2023,June,6,Thursday,5,Q2,06/2023,202306,31,
16-06-2023 00:00,2023,June,6,Friday,6,Q2,06/2023,202306,31,
17-06-2023 00:00,2023,June,6,Saturday,7,Q2,06/2023,202306,31,
18-06-2023 00:00,2023,June,6,Sunday,1,Q2,06/2023,202306,31,
19-06-2023 00:00,2023,June,6,Monday,2,Q2,06/2023,202306,31,
20-06-2023 00:00,2023,June,6,Tuesday,3,Q2,06/2023,202306,31,
21-06-2023 00:00,2023,June,6,Wednesday,4,Q2,06/2023,202306,31,
22-06-2023 00:00,2023,June,6,Thursday,5,Q2,06/2023,202306,31,
23-06-2023 00:00,2023,June,6,Friday,6,Q2,06/2023,202306,31,
24-06-2023 00:00,2023,June,6,Saturday,7,Q2,06/2023,202306,31,
25-06-2023 00:00,2023,June,6,Sunday,1,Q2,06/2023,202306,31,
26-06-2023 00:00,2023,June,6,Monday,2,Q2,06/2023,202306,31,
27-06-2023 00:00,2023,June,6,Tuesday,3,Q2,06/2023,202306,31,
28-06-2023 00:00,2023,June,6,Wednesday,4,Q2,06/2023,202306,31,
29-06-2023 00:00,2023,June,6,Thursday,5,Q2,06/2023,202306,31,
30-06-2023 00:00,2023,June,6,Friday,6,Q2,06/2023,202306,31,
01-06-2024 00:00,2024,June,6,Saturday,7,Q2,06/2024,202406,19,FY'24
02-06-2024 00:00,2024,June,6,Sunday,1,Q2,06/2024,202406,19,FY'24
03-06-2024 00:00,2024,June,6,Monday,2,Q2,06/2024,202406,19,FY'24
04-06-2024 00:00,2024,June,6,Tuesday,3,Q2,06/2024,202406,19,FY'24
05-06-2024 00:00,2024,June,6,Wednesday,4,Q2,06/2024,202406,19,FY'24
06-06-2024 00:00,2024,June,6,Thursday,5,Q2,06/2024,202406,19,FY'24
07-06-2024 00:00,2024,June,6,Friday,6,Q2,06/2024,202406,19,FY'24
08-06-2024 00:00,2024,June,6,Saturday,7,Q2,06/2024,202406,19,FY'24
09-06-2024 00:00,2024,June,6,Sunday,1,Q2,06/2024,202406,19,FY'24
10-06-2024 00:00,2024,June,6,Monday,2,Q2,06/2024,202406,19,FY'24
11-06-2024 00:00,2024,June,6,Tuesday,3,Q2,06/2024,202406,19,FY'24
12-06-2024 00:00,2024,June,6,Wednesday,4,Q2,06/2024,202406,19,FY'24
13-06-2024 00:00,2024,June,6,Thursday,5,Q2,06/2024,202406,19,FY'24
14-06-2024 00:00,2024,June,6,Friday,6,Q2,06/2024,202406,19,FY'24
15-06-2024 00:00,2024,June,6,Saturday,7,Q2,06/2024,202406,19,FY'24
16-06-2024 00:00,2024,June,6,Sunday,1,Q2,06/2024,202406,19,FY'24
17-06-2024 00:00,2024,June,6,Monday,2,Q2,06/2024,202406,19,FY'24
18-06-2024 00:00,2024,June,6,Tuesday,3,Q2,06/2024,202406,19,FY'24
19-06-2024 00:00,2024,June,6,Wednesday,4,Q2,06/2024,202406,19,FY'24
20-06-2024 00:00,2024,June,6,Thursday,5,Q2,06/2024,202406,19,FY'24
21-06-2024 00:00,2024,June,6,Friday,6,Q2,06/2024,202406,19,FY'24
22-06-2024 00:00,2024,June,6,Saturday,7,Q2,06/2024,202406,19,FY'24
23-06-2024 00:00,2024,June,6,Sunday,1,Q2,06/2024,202406,19,FY'24
24-06-2024 00:00,2024,June,6,Monday,2,Q2,06/2024,202406,19,FY'24
25-06-2024 00:00,2024,June,6,Tuesday,3,Q2,06/2024,202406,19,FY'24
26-06-2024 00:00,2024,June,6,Wednesday,4,Q2,06/2024,202406,19,FY'24
27-06-2024 00:00,2024,June,6,Thursday,5,Q2,06/2024,202406,19,FY'24
28-06-2024 00:00,2024,June,6,Friday,6,Q2,06/2024,202406,19,FY'24
29-06-2024 00:00,2024,June,6,Saturday,7,Q2,06/2024,202406,19,FY'24
30-06-2024 00:00,2024,June,6,Sunday,1,Q2,06/2024,202406,19,FY'24
01-06-2025 00:00,2025,June,6,Sunday,1,Q2,06/2025,202506,7,
02-06-2025 00:00,2025,June,6,Monday,2,Q2,06/2025,202506,7,
03-06-2025 00:00,2025,June,6,Tuesday,3,Q2,06/2025,202506,7,
04-06-2025 00:00,2025,June,6,Wednesday,4,Q2,06/2025,202506,7,
05-06-2025 00:00,2025,June,6,Thursday,5,Q2,06/2025,202506,7,
06-06-2025 00:00,2025,June,6,Friday,6,Q2,06/2025,202506,7,
07-06-2025 00:00,2025,June,6,Saturday,7,Q2,06/2025,202506,7,
08-06-2025 00:00,2025,June,6,Sunday,1,Q2,06/2025,202506,7,
09-06-2025 00:00,2025,June,6,Monday,2,Q2,06/2025,202506,7,
10-06-2025 00:00,2025,June,6,Tuesday,3,Q2,06/2025,202506,7,
11-06-2025 00:00,2025,June,6,Wednesday,4,Q2,06/2025,202506,7,
12-06-2025 00:00,2025,June,6,Thursday,5,Q2,06/2025,202506,7,
13-06-2025 00:00,2025,June,6,Friday,6,Q2,06/2025,202506,7,
14-06-2025 00:00,2025,June,6,Saturday,7,Q2,06/2025,202506,7,
15-06-2025 00:00,2025,June,6,Sunday,1,Q2,06/2025,202506,7,
16-06-2025 00:00,2025,June,6,Monday,2,Q2,06/2025,202506,7,
17-06-2025 00:00,2025,June,6,Tuesday,3,Q2,06/2025,202506,7,
18-06-2025 00:00,2025,June,6,Wednesday,4,Q2,06/2025,202506,7,
19-06-2025 00:00,2025,June,6,Thursday,5,Q2,06/2025,202506,7,
20-06-2025 00:00,2025,June,6,Friday,6,Q2,06/2025,202506,7,
21-06-2025 00:00,2025,June,6,Saturday,7,Q2,06/2025,202506,7,
22-06-2025 00:00,2025,June,6,Sunday,1,Q2,06/2025,202506,7,
23-06-2025 00:00,2025,June,6,Monday,2,Q2,06/2025,202506,7,
24-06-2025 00:00,2025,June,6,Tuesday,3,Q2,06/2025,202506,7,
25-06-2025 00:00,2025,June,6,Wednesday,4,Q2,06/2025,202506,7,
26-06-2025 00:00,2025,June,6,Thursday,5,Q2,06/2025,202506,7,
27-06-2025 00:00,2025,June,6,Friday,6,Q2,06/2025,202506,7,
28-06-2025 00:00,2025,June,6,Saturday,7,Q2,06/2025,202506,7,
29-06-2025 00:00,2025,June,6,Sunday,1,Q2,06/2025,202506,7,
30-06-2025 00:00,2025,June,6,Monday,2,Q2,06/2025,202506,7,
01-02-2022 00:00,2022,February,2,Tuesday,3,Q1,02/2022,202202,47,
02-02-2022 00:00,2022,February,2,Wednesday,4,Q1,02/2022,202202,47,
03-02-2022 00:00,2022,February,2,Thursday,5,Q1,02/2022,202202,47,
04-02-2022 00:00,2022,February,2,Friday,6,Q1,02/2022,202202,47,
05-02-2022 00:00,2022,February,2,Saturday,7,Q1,02/2022,202202,47,
06-02-2022 00:00,2022,February,2,Sunday,1,Q1,02/2022,202202,47,
07-02-2022 00:00,2022,February,2,Monday,2,Q1,02/2022,202202,47,
08-02-2022 00:00,2022,February,2,Tuesday,3,Q1,02/2022,202202,47,
09-02-2022 00:00,2022,February,2,Wednesday,4,Q1,02/2022,202202,47,
10-02-2022 00:00,2022,February,2,Thursday,5,Q1,02/2022,202202,47,
11-02-2022 00:00,2022,February,2,Friday,6,Q1,02/2022,202202,47,
12-02-2022 00:00,2022,February,2,Saturday,7,Q1,02/2022,202202,47,
13-02-2022 00:00,2022,February,2,Sunday,1,Q1,02/2022,202202,47,
14-02-2022 00:00,2022,February,2,Monday,2,Q1,02/2022,202202,47,
15-02-2022 00:00,2022,February,2,Tuesday,3,Q1,02/2022,202202,47,
16-02-2022 00:00,2022,February,2,Wednesday,4,Q1,02/2022,202202,47,
17-02-2022 00:00,2022,February,2,Thursday,5,Q1,02/2022,202202,47,
18-02-2022 00:00,2022,February,2,Friday,6,Q1,02/2022,202202,47,
19-02-2022 00:00,2022,February,2,Saturday,7,Q1,02/2022,202202,47,
20-02-2022 00:00,2022,February,2,Sunday,1,Q1,02/2022,202202,47,
21-02-2022 00:00,2022,February,2,Monday,2,Q1,02/2022,202202,47,
22-02-2022 00:00,2022,February,2,Tuesday,3,Q1,02/2022,202202,47,
23-02-2022 00:00,2022,February,2,Wednesday,4,Q1,02/2022,202202,47,
24-02-2022 00:00,2022,February,2,Thursday,5,Q1,02/2022,202202,47,
25-02-2022 00:00,2022,February,2,Friday,6,Q1,02/2022,202202,47,
26-02-2022 00:00,2022,February,2,Saturday,7,Q1,02/2022,202202,47,
27-02-2022 00:00,2022,February,2,Sunday,1,Q1,02/2022,202202,47,
28-02-2022 00:00,2022,February,2,Monday,2,Q1,02/2022,202202,47,
01-02-2023 00:00,2023,February,2,Wednesday,4,Q1,02/2023,202302,35,
02-02-2023 00:00,2023,February,2,Thursday,5,Q1,02/2023,202302,35,
03-02-2023 00:00,2023,February,2,Friday,6,Q1,02/2023,202302,35,
04-02-2023 00:00,2023,February,2,Saturday,7,Q1,02/2023,202302,35,
05-02-2023 00:00,2023,February,2,Sunday,1,Q1,02/2023,202302,35,
06-02-2023 00:00,2023,February,2,Monday,2,Q1,02/2023,202302,35,
07-02-2023 00:00,2023,February,2,Tuesday,3,Q1,02/2023,202302,35,
08-02-2023 00:00,2023,February,2,Wednesday,4,Q1,02/2023,202302,35,
09-02-2023 00:00,2023,February,2,Thursday,5,Q1,02/2023,202302,35,
10-02-2023 00:00,2023,February,2,Friday,6,Q1,02/2023,202302,35,
11-02-2023 00:00,2023,February,2,Saturday,7,Q1,02/2023,202302,35,
12-02-2023 00:00,2023,February,2,Sunday,1,Q1,02/2023,202302,35,
13-02-2023 00:00,2023,February,2,Monday,2,Q1,02/2023,202302,35,
14-02-2023 00:00,2023,February,2,Tuesday,3,Q1,02/2023,202302,35,
15-02-2023 00:00,2023,February,2,Wednesday,4,Q1,02/2023,202302,35,
16-02-2023 00:00,2023,February,2,Thursday,5,Q1,02/2023,202302,35,
17-02-2023 00:00,2023,February,2,Friday,6,Q1,02/2023,202302,35,
18-02-2023 00:00,2023,February,2,Saturday,7,Q1,02/2023,202302,35,
19-02-2023 00:00,2023,February,2,Sunday,1,Q1,02/2023,202302,35,
20-02-2023 00:00,2023,February,2,Monday,2,Q1,02/2023,202302,35,
21-02-2023 00:00,2023,February,2,Tuesday,3,Q1,02/2023,202302,35,
22-02-2023 00:00,2023,February,2,Wednesday,4,Q1,02/2023,202302,35,
23-02-2023 00:00,2023,February,2,Thursday,5,Q1,02/2023,202302,35,
24-02-2023 00:00,2023,February,2,Friday,6,Q1,02/2023,202302,35,
25-02-2023 00:00,2023,February,2,Saturday,7,Q1,02/2023,202302,35,
26-02-2023 00:00,2023,February,2,Sunday,1,Q1,02/2023,202302,35,
27-02-2023 00:00,2023,February,2,Monday,2,Q1,02/2023,202302,35,
28-02-2023 00:00,2023,February,2,Tuesday,3,Q1,02/2023,202302,35,
01-02-2024 00:00,2024,February,2,Thursday,5,Q1,02/2024,202402,23,FY'24
02-02-2024 00:00,2024,February,2,Friday,6,Q1,02/2024,202402,23,FY'24
03-02-2024 00:00,2024,February,2,Saturday,7,Q1,02/2024,202402,23,FY'24
04-02-2024 00:00,2024,February,2,Sunday,1,Q1,02/2024,202402,23,FY'24
05-02-2024 00:00,2024,February,2,Monday,2,Q1,02/2024,202402,23,FY'24
06-02-2024 00:00,2024,February,2,Tuesday,3,Q1,02/2024,202402,23,FY'24
07-02-2024 00:00,2024,February,2,Wednesday,4,Q1,02/2024,202402,23,FY'24
08-02-2024 00:00,2024,February,2,Thursday,5,Q1,02/2024,202402,23,FY'24
09-02-2024 00:00,2024,February,2,Friday,6,Q1,02/2024,202402,23,FY'24
10-02-2024 00:00,2024,February,2,Saturday,7,Q1,02/2024,202402,23,FY'24
11-02-2024 00:00,2024,February,2,Sunday,1,Q1,02/2024,202402,23,FY'24
12-02-2024 00:00,2024,February,2,Monday,2,Q1,02/2024,202402,23,FY'24
13-02-2024 00:00,2024,February,2,Tuesday,3,Q1,02/2024,202402,23,FY'24
14-02-2024 00:00,2024,February,2,Wednesday,4,Q1,02/2024,202402,23,FY'24
15-02-2024 00:00,2024,February,2,Thursday,5,Q1,02/2024,202402,23,FY'24
16-02-2024 00:00,2024,February,2,Friday,6,Q1,02/2024,202402,23,FY'24
17-02-2024 00:00,2024,February,2,Saturday,7,Q1,02/2024,202402,23,FY'24
18-02-2024 00:00,2024,February,2,Sunday,1,Q1,02/2024,202402,23,FY'24
19-02-2024 00:00,2024,February,2,Monday,2,Q1,02/2024,202402,23,FY'24
20-02-2024 00:00,2024,February,2,Tuesday,3,Q1,02/2024,202402,23,FY'24
21-02-2024 00:00,2024,February,2,Wednesday,4,Q1,02/2024,202402,23,FY'24
22-02-2024 00:00,2024,February,2,Thursday,5,Q1,02/2024,202402,23,FY'24
23-02-2024 00:00,2024,February,2,Friday,6,Q1,02/2024,202402,23,FY'24
24-02-2024 00:00,2024,February,2,Saturday,7,Q1,02/2024,202402,23,FY'24
25-02-2024 00:00,2024,February,2,Sunday,1,Q1,02/2024,202402,23,FY'24
26-02-2024 00:00,2024,February,2,Monday,2,Q1,02/2024,202402,23,FY'24
27-02-2024 00:00,2024,February,2,Tuesday,3,Q1,02/2024,202402,23,FY'24
28-02-2024 00:00,2024,February,2,Wednesday,4,Q1,02/2024,202402,23,FY'24
29-02-2024 00:00,2024,February,2,Thursday,5,Q1,02/2024,202402,23,FY'24
01-02-2025 00:00,2025,February,2,Saturday,7,Q1,02/2025,202502,11,
02-02-2025 00:00,2025,February,2,Sunday,1,Q1,02/2025,202502,11,
03-02-2025 00:00,2025,February,2,Monday,2,Q1,02/2025,202502,11,
04-02-2025 00:00,2025,February,2,Tuesday,3,Q1,02/2025,202502,11,
05-02-2025 00:00,2025,February,2,Wednesday,4,Q1,02/2025,202502,11,
06-02-2025 00:00,2025,February,2,Thursday,5,Q1,02/2025,202502,11,
07-02-2025 00:00,2025,February,2,Friday,6,Q1,02/2025,202502,11,
08-02-2025 00:00,2025,February,2,Saturday,7,Q1,02/2025,202502,11,
09-02-2025 00:00,2025,February,2,Sunday,1,Q1,02/2025,202502,11,
10-02-2025 00:00,2025,February,2,Monday,2,Q1,02/2025,202502,11,
11-02-2025 00:00,2025,February,2,Tuesday,3,Q1,02/2025,202502,11,
12-02-2025 00:00,2025,February,2,Wednesday,4,Q1,02/2025,202502,11,
13-02-2025 00:00,2025,February,2,Thursday,5,Q1,02/2025,202502,11,
14-02-2025 00:00,2025,February,2,Friday,6,Q1,02/2025,202502,11,
15-02-2025 00:00,2025,February,2,Saturday,7,Q1,02/2025,202502,11,
16-02-2025 00:00,2025,February,2,Sunday,1,Q1,02/2025,202502,11,
17-02-2025 00:00,2025,February,2,Monday,2,Q1,02/2025,202502,11,
18-02-2025 00:00,2025,February,2,Tuesday,3,Q1,02/2025,202502,11,
19-02-2025 00:00,2025,February,2,Wednesday,4,Q1,02/2025,202502,11,
20-02-2025 00:00,2025,February,2,Thursday,5,Q1,02/2025,202502,11,
21-02-2025 00:00,2025,February,2,Friday,6,Q1,02/2025,202502,11,
22-02-2025 00:00,2025,February,2,Saturday,7,Q1,02/2025,202502,11,
23-02-2025 00:00,2025,February,2,Sunday,1,Q1,02/2025,202502,11,
24-02-2025 00:00,2025,February,2,Monday,2,Q1,02/2025,202502,11,
25-02-2025 00:00,2025,February,2,Tuesday,3,Q1,02/2025,202502,11,
26-02-2025 00:00,2025,February,2,Wednesday,4,Q1,02/2025,202502,11,
27-02-2025 00:00,2025,February,2,Thursday,5,Q1,02/2025,202502,11,
28-02-2025 00:00,2025,February,2,Friday,6,Q1,02/2025,202502,11,
01-03-2022 00:00,2022,March,3,Tuesday,3,Q1,03/2022,202203,46,
02-03-2022 00:00,2022,March,3,Wednesday,4,Q1,03/2022,202203,46,
03-03-2022 00:00,2022,March,3,Thursday,5,Q1,03/2022,202203,46,
04-03-2022 00:00,2022,March,3,Friday,6,Q1,03/2022,202203,46,
05-03-2022 00:00,2022,March,3,Saturday,7,Q1,03/2022,202203,46,
06-03-2022 00:00,2022,March,3,Sunday,1,Q1,03/2022,202203,46,
07-03-2022 00:00,2022,March,3,Monday,2,Q1,03/2022,202203,46,
08-03-2022 00:00,2022,March,3,Tuesday,3,Q1,03/2022,202203,46,
09-03-2022 00:00,2022,March,3,Wednesday,4,Q1,03/2022,202203,46,
10-03-2022 00:00,2022,March,3,Thursday,5,Q1,03/2022,202203,46,
11-03-2022 00:00,2022,March,3,Friday,6,Q1,03/2022,202203,46,
12-03-2022 00:00,2022,March,3,Saturday,7,Q1,03/2022,202203,46,
13-03-2022 00:00,2022,March,3,Sunday,1,Q1,03/2022,202203,46,
14-03-2022 00:00,2022,March,3,Monday,2,Q1,03/2022,202203,46,
15-03-2022 00:00,2022,March,3,Tuesday,3,Q1,03/2022,202203,46,
16-03-2022 00:00,2022,March,3,Wednesday,4,Q1,03/2022,202203,46,
17-03-2022 00:00,2022,March,3,Thursday,5,Q1,03/2022,202203,46,
18-03-2022 00:00,2022,March,3,Friday,6,Q1,03/2022,202203,46,
19-03-2022 00:00,2022,March,3,Saturday,7,Q1,03/2022,202203,46,
20-03-2022 00:00,2022,March,3,Sunday,1,Q1,03/2022,202203,46,
21-03-2022 00:00,2022,March,3,Monday,2,Q1,03/2022,202203,46,
22-03-2022 00:00,2022,March,3,Tuesday,3,Q1,03/2022,202203,46,
23-03-2022 00:00,2022,March,3,Wednesday,4,Q1,03/2022,202203,46,
24-03-2022 00:00,2022,March,3,Thursday,5,Q1,03/2022,202203,46,
25-03-2022 00:00,2022,March,3,Friday,6,Q1,03/2022,202203,46,
26-03-2022 00:00,2022,March,3,Saturday,7,Q1,03/2022,202203,46,
27-03-2022 00:00,2022,March,3,Sunday,1,Q1,03/2022,202203,46,
28-03-2022 00:00,2022,March,3,Monday,2,Q1,03/2022,202203,46,
29-03-2022 00:00,2022,March,3,Tuesday,3,Q1,03/2022,202203,46,
30-03-2022 00:00,2022,March,3,Wednesday,4,Q1,03/2022,202203,46,
31-03-2022 00:00,2022,March,3,Thursday,5,Q1,03/2022,202203,46,
01-03-2023 00:00,2023,March,3,Wednesday,4,Q1,03/2023,202303,34,
02-03-2023 00:00,2023,March,3,Thursday,5,Q1,03/2023,202303,34,
03-03-2023 00:00,2023,March,3,Friday,6,Q1,03/2023,202303,34,
04-03-2023 00:00,2023,March,3,Saturday,7,Q1,03/2023,202303,34,
05-03-2023 00:00,2023,March,3,Sunday,1,Q1,03/2023,202303,34,
06-03-2023 00:00,2023,March,3,Monday,2,Q1,03/2023,202303,34,
07-03-2023 00:00,2023,March,3,Tuesday,3,Q1,03/2023,202303,34,
08-03-2023 00:00,2023,March,3,Wednesday,4,Q1,03/2023,202303,34,
09-03-2023 00:00,2023,March,3,Thursday,5,Q1,03/2023,202303,34,
10-03-2023 00:00,2023,March,3,Friday,6,Q1,03/2023,202303,34,
11-03-2023 00:00,2023,March,3,Saturday,7,Q1,03/2023,202303,34,
12-03-2023 00:00,2023,March,3,Sunday,1,Q1,03/2023,202303,34,
13-03-2023 00:00,2023,March,3,Monday,2,Q1,03/2023,202303,34,
14-03-2023 00:00,2023,March,3,Tuesday,3,Q1,03/2023,202303,34,
15-03-2023 00:00,2023,March,3,Wednesday,4,Q1,03/2023,202303,34,
16-03-2023 00:00,2023,March,3,Thursday,5,Q1,03/2023,202303,34,
17-03-2023 00:00,2023,March,3,Friday,6,Q1,03/2023,202303,34,
18-03-2023 00:00,2023,March,3,Saturday,7,Q1,03/2023,202303,34,
19-03-2023 00:00,2023,March,3,Sunday,1,Q1,03/2023,202303,34,
20-03-2023 00:00,2023,March,3,Monday,2,Q1,03/2023,202303,34,
21-03-2023 00:00,2023,March,3,Tuesday,3,Q1,03/2023,202303,34,
22-03-2023 00:00,2023,March,3,Wednesday,4,Q1,03/2023,202303,34,
23-03-2023 00:00,2023,March,3,Thursday,5,Q1,03/2023,202303,34,
24-03-2023 00:00,2023,March,3,Friday,6,Q1,03/2023,202303,34,
25-03-2023 00:00,2023,March,3,Saturday,7,Q1,03/2023,202303,34,
26-03-2023 00:00,2023,March,3,Sunday,1,Q1,03/2023,202303,34,
27-03-2023 00:00,2023,March,3,Monday,2,Q1,03/2023,202303,34,
28-03-2023 00:00,2023,March,3,Tuesday,3,Q1,03/2023,202303,34,
29-03-2023 00:00,2023,March,3,Wednesday,4,Q1,03/2023,202303,34,
30-03-2023 00:00,2023,March,3,Thursday,5,Q1,03/2023,202303,34,
31-03-2023 00:00,2023,March,3,Friday,6,Q1,03/2023,202303,34,
01-03-2024 00:00,2024,March,3,Friday,6,Q1,03/2024,202403,22,FY'24
02-03-2024 00:00,2024,March,3,Saturday,7,Q1,03/2024,202403,22,FY'24
03-03-2024 00:00,2024,March,3,Sunday,1,Q1,03/2024,202403,22,FY'24
04-03-2024 00:00,2024,March,3,Monday,2,Q1,03/2024,202403,22,FY'24
05-03-2024 00:00,2024,March,3,Tuesday,3,Q1,03/2024,202403,22,FY'24
06-03-2024 00:00,2024,March,3,Wednesday,4,Q1,03/2024,202403,22,FY'24
07-03-2024 00:00,2024,March,3,Thursday,5,Q1,03/2024,202403,22,FY'24
08-03-2024 00:00,2024,March,3,Friday,6,Q1,03/2024,202403,22,FY'24
09-03-2024 00:00,2024,March,3,Saturday,7,Q1,03/2024,202403,22,FY'24
10-03-2024 00:00,2024,March,3,Sunday,1,Q1,03/2024,202403,22,FY'24
11-03-2024 00:00,2024,March,3,Monday,2,Q1,03/2024,202403,22,FY'24
12-03-2024 00:00,2024,March,3,Tuesday,3,Q1,03/2024,202403,22,FY'24
13-03-2024 00:00,2024,March,3,Wednesday,4,Q1,03/2024,202403,22,FY'24
14-03-2024 00:00,2024,March,3,Thursday,5,Q1,03/2024,202403,22,FY'24
15-03-2024 00:00,2024,March,3,Friday,6,Q1,03/2024,202403,22,FY'24
16-03-2024 00:00,2024,March,3,Saturday,7,Q1,03/2024,202403,22,FY'24
17-03-2024 00:00,2024,March,3,Sunday,1,Q1,03/2024,202403,22,FY'24
18-03-2024 00:00,2024,March,3,Monday,2,Q1,03/2024,202403,22,FY'24
19-03-2024 00:00,2024,March,3,Tuesday,3,Q1,03/2024,202403,22,FY'24
20-03-2024 00:00,2024,March,3,Wednesday,4,Q1,03/2024,202403,22,FY'24
21-03-2024 00:00,2024,March,3,Thursday,5,Q1,03/2024,202403,22,FY'24
22-03-2024 00:00,2024,March,3,Friday,6,Q1,03/2024,202403,22,FY'24
23-03-2024 00:00,2024,March,3,Saturday,7,Q1,03/2024,202403,22,FY'24
24-03-2024 00:00,2024,March,3,Sunday,1,Q1,03/2024,202403,22,FY'24
25-03-2024 00:00,2024,March,3,Monday,2,Q1,03/2024,202403,22,FY'24
26-03-2024 00:00,2024,March,3,Tuesday,3,Q1,03/2024,202403,22,FY'24
27-03-2024 00:00,2024,March,3,Wednesday,4,Q1,03/2024,202403,22,FY'24
28-03-2024 00:00,2024,March,3,Thursday,5,Q1,03/2024,202403,22,FY'24
29-03-2024 00:00,2024,March,3,Friday,6,Q1,03/2024,202403,22,FY'24
30-03-2024 00:00,2024,March,3,Saturday,7,Q1,03/2024,202403,22,FY'24
31-03-2024 00:00,2024,March,3,Sunday,1,Q1,03/2024,202403,22,FY'24
01-03-2025 00:00,2025,March,3,Saturday,7,Q1,03/2025,202503,10,
02-03-2025 00:00,2025,March,3,Sunday,1,Q1,03/2025,202503,10,
03-03-2025 00:00,2025,March,3,Monday,2,Q1,03/2025,202503,10,
04-03-2025 00:00,2025,March,3,Tuesday,3,Q1,03/2025,202503,10,
05-03-2025 00:00,2025,March,3,Wednesday,4,Q1,03/2025,202503,10,
06-03-2025 00:00,2025,March,3,Thursday,5,Q1,03/2025,202503,10,
07-03-2025 00:00,2025,March,3,Friday,6,Q1,03/2025,202503,10,
08-03-2025 00:00,2025,March,3,Saturday,7,Q1,03/2025,202503,10,
09-03-2025 00:00,2025,March,3,Sunday,1,Q1,03/2025,202503,10,
10-03-2025 00:00,2025,March,3,Monday,2,Q1,03/2025,202503,10,
11-03-2025 00:00,2025,March,3,Tuesday,3,Q1,03/2025,202503,10,
12-03-2025 00:00,2025,March,3,Wednesday,4,Q1,03/2025,202503,10,
13-03-2025 00:00,2025,March,3,Thursday,5,Q1,03/2025,202503,10,
14-03-2025 00:00,2025,March,3,Friday,6,Q1,03/2025,202503,10,
15-03-2025 00:00,2025,March,3,Saturday,7,Q1,03/2025,202503,10,
16-03-2025 00:00,2025,March,3,Sunday,1,Q1,03/2025,202503,10,
17-03-2025 00:00,2025,March,3,Monday,2,Q1,03/2025,202503,10,
18-03-2025 00:00,2025,March,3,Tuesday,3,Q1,03/2025,202503,10,
19-03-2025 00:00,2025,March,3,Wednesday,4,Q1,03/2025,202503,10,
20-03-2025 00:00,2025,March,3,Thursday,5,Q1,03/2025,202503,10,
21-03-2025 00:00,2025,March,3,Friday,6,Q1,03/2025,202503,10,
22-03-2025 00:00,2025,March,3,Saturday,7,Q1,03/2025,202503,10,
23-03-2025 00:00,2025,March,3,Sunday,1,Q1,03/2025,202503,10,
24-03-2025 00:00,2025,March,3,Monday,2,Q1,03/2025,202503,10,
25-03-2025 00:00,2025,March,3,Tuesday,3,Q1,03/2025,202503,10,
26-03-2025 00:00,2025,March,3,Wednesday,4,Q1,03/2025,202503,10,
27-03-2025 00:00,2025,March,3,Thursday,5,Q1,03/2025,202503,10,
28-03-2025 00:00,2025,March,3,Friday,6,Q1,03/2025,202503,10,
29-03-2025 00:00,2025,March,3,Saturday,7,Q1,03/2025,202503,10,
30-03-2025 00:00,2025,March,3,Sunday,1,Q1,03/2025,202503,10,
31-03-2025 00:00,2025,March,3,Monday,2,Q1,03/2025,202503,10,
01-01-2022 00:00,2022,January,1,Saturday,7,Q1,01/2022,202201,48,
02-01-2022 00:00,2022,January,1,Sunday,1,Q1,01/2022,202201,48,
03-01-2022 00:00,2022,January,1,Monday,2,Q1,01/2022,202201,48,
04-01-2022 00:00,2022,January,1,Tuesday,3,Q1,01/2022,202201,48,
05-01-2022 00:00,2022,January,1,Wednesday,4,Q1,01/2022,202201,48,
06-01-2022 00:00,2022,January,1,Thursday,5,Q1,01/2022,202201,48,
07-01-2022 00:00,2022,January,1,Friday,6,Q1,01/2022,202201,48,
08-01-2022 00:00,2022,January,1,Saturday,7,Q1,01/2022,202201,48,
09-01-2022 00:00,2022,January,1,Sunday,1,Q1,01/2022,202201,48,
10-01-2022 00:00,2022,January,1,Monday,2,Q1,01/2022,202201,48,
11-01-2022 00:00,2022,January,1,Tuesday,3,Q1,01/2022,202201,48,
12-01-2022 00:00,2022,January,1,Wednesday,4,Q1,01/2022,202201,48,
13-01-2022 00:00,2022,January,1,Thursday,5,Q1,01/2022,202201,48,
14-01-2022 00:00,2022,January,1,Friday,6,Q1,01/2022,202201,48,
15-01-2022 00:00,2022,January,1,Saturday,7,Q1,01/2022,202201,48,
16-01-2022 00:00,2022,January,1,Sunday,1,Q1,01/2022,202201,48,
17-01-2022 00:00,2022,January,1,Monday,2,Q1,01/2022,202201,48,
18-01-2022 00:00,2022,January,1,Tuesday,3,Q1,01/2022,202201,48,
19-01-2022 00:00,2022,January,1,Wednesday,4,Q1,01/2022,202201,48,
20-01-2022 00:00,2022,January,1,Thursday,5,Q1,01/2022,202201,48,
21-01-2022 00:00,2022,January,1,Friday,6,Q1,01/2022,202201,48,
22-01-2022 00:00,2022,January,1,Saturday,7,Q1,01/2022,202201,48,
23-01-2022 00:00,2022,January,1,Sunday,1,Q1,01/2022,202201,48,
24-01-2022 00:00,2022,January,1,Monday,2,Q1,01/2022,202201,48,
25-01-2022 00:00,2022,January,1,Tuesday,3,Q1,01/2022,202201,48,
26-01-2022 00:00,2022,January,1,Wednesday,4,Q1,01/2022,202201,48,
27-01-2022 00:00,2022,January,1,Thursday,5,Q1,01/2022,202201,48,
28-01-2022 00:00,2022,January,1,Friday,6,Q1,01/2022,202201,48,
29-01-2022 00:00,2022,January,1,Saturday,7,Q1,01/2022,202201,48,
30-01-2022 00:00,2022,January,1,Sunday,1,Q1,01/2022,202201,48,
31-01-2022 00:00,2022,January,1,Monday,2,Q1,01/2022,202201,48,
01-01-2023 00:00,2023,January,1,Sunday,1,Q1,01/2023,202301,36,
02-01-2023 00:00,2023,January,1,Monday,2,Q1,01/2023,202301,36,
03-01-2023 00:00,2023,January,1,Tuesday,3,Q1,01/2023,202301,36,
04-01-2023 00:00,2023,January,1,Wednesday,4,Q1,01/2023,202301,36,
05-01-2023 00:00,2023,January,1,Thursday,5,Q1,01/2023,202301,36,
06-01-2023 00:00,2023,January,1,Friday,6,Q1,01/2023,202301,36,
07-01-2023 00:00,2023,January,1,Saturday,7,Q1,01/2023,202301,36,
08-01-2023 00:00,2023,January,1,Sunday,1,Q1,01/2023,202301,36,
09-01-2023 00:00,2023,January,1,Monday,2,Q1,01/2023,202301,36,
10-01-2023 00:00,2023,January,1,Tuesday,3,Q1,01/2023,202301,36,
11-01-2023 00:00,2023,January,1,Wednesday,4,Q1,01/2023,202301,36,
12-01-2023 00:00,2023,January,1,Thursday,5,Q1,01/2023,202301,36,
13-01-2023 00:00,2023,January,1,Friday,6,Q1,01/2023,202301,36,
14-01-2023 00:00,2023,January,1,Saturday,7,Q1,01/2023,202301,36,
15-01-2023 00:00,2023,January,1,Sunday,1,Q1,01/2023,202301,36,
16-01-2023 00:00,2023,January,1,Monday,2,Q1,01/2023,202301,36,
17-01-2023 00:00,2023,January,1,Tuesday,3,Q1,01/2023,202301,36,
18-01-2023 00:00,2023,January,1,Wednesday,4,Q1,01/2023,202301,36,
19-01-2023 00:00,2023,January,1,Thursday,5,Q1,01/2023,202301,36,
20-01-2023 00:00,2023,January,1,Friday,6,Q1,01/2023,202301,36,
21-01-2023 00:00,2023,January,1,Saturday,7,Q1,01/2023,202301,36,
22-01-2023 00:00,2023,January,1,Sunday,1,Q1,01/2023,202301,36,
23-01-2023 00:00,2023,January,1,Monday,2,Q1,01/2023,202301,36,
24-01-2023 00:00,2023,January,1,Tuesday,3,Q1,01/2023,202301,36,
25-01-2023 00:00,2023,January,1,Wednesday,4,Q1,01/2023,202301,36,
26-01-2023 00:00,2023,January,1,Thursday,5,Q1,01/2023,202301,36,
27-01-2023 00:00,2023,January,1,Friday,6,Q1,01/2023,202301,36,
28-01-2023 00:00,2023,January,1,Saturday,7,Q1,01/2023,202301,36,
29-01-2023 00:00,2023,January,1,Sunday,1,Q1,01/2023,202301,36,
30-01-2023 00:00,2023,January,1,Monday,2,Q1,01/2023,202301,36,
31-01-2023 00:00,2023,January,1,Tuesday,3,Q1,01/2023,202301,36,
01-01-2024 00:00,2024,January,1,Monday,2,Q1,01/2024,202401,24,FY'24
02-01-2024 00:00,2024,January,1,Tuesday,3,Q1,01/2024,202401,24,FY'24
03-01-2024 00:00,2024,January,1,Wednesday,4,Q1,01/2024,202401,24,FY'24
04-01-2024 00:00,2024,January,1,Thursday,5,Q1,01/2024,202401,24,FY'24
05-01-2024 00:00,2024,January,1,Friday,6,Q1,01/2024,202401,24,FY'24
06-01-2024 00:00,2024,January,1,Saturday,7,Q1,01/2024,202401,24,FY'24
07-01-2024 00:00,2024,January,1,Sunday,1,Q1,01/2024,202401,24,FY'24
08-01-2024 00:00,2024,January,1,Monday,2,Q1,01/2024,202401,24,FY'24
09-01-2024 00:00,2024,January,1,Tuesday,3,Q1,01/2024,202401,24,FY'24
10-01-2024 00:00,2024,January,1,Wednesday,4,Q1,01/2024,202401,24,FY'24
11-01-2024 00:00,2024,January,1,Thursday,5,Q1,01/2024,202401,24,FY'24
12-01-2024 00:00,2024,January,1,Friday,6,Q1,01/2024,202401,24,FY'24
13-01-2024 00:00,2024,January,1,Saturday,7,Q1,01/2024,202401,24,FY'24
14-01-2024 00:00,2024,January,1,Sunday,1,Q1,01/2024,202401,24,FY'24
15-01-2024 00:00,2024,January,1,Monday,2,Q1,01/2024,202401,24,FY'24
16-01-2024 00:00,2024,January,1,Tuesday,3,Q1,01/2024,202401,24,FY'24
17-01-2024 00:00,2024,January,1,Wednesday,4,Q1,01/2024,202401,24,FY'24
18-01-2024 00:00,2024,January,1,Thursday,5,Q1,01/2024,202401,24,FY'24
19-01-2024 00:00,2024,January,1,Friday,6,Q1,01/2024,202401,24,FY'24
20-01-2024 00:00,2024,January,1,Saturday,7,Q1,01/2024,202401,24,FY'24
21-01-2024 00:00,2024,January,1,Sunday,1,Q1,01/2024,202401,24,FY'24
22-01-2024 00:00,2024,January,1,Monday,2,Q1,01/2024,202401,24,FY'24
23-01-2024 00:00,2024,January,1,Tuesday,3,Q1,01/2024,202401,24,FY'24
24-01-2024 00:00,2024,January,1,Wednesday,4,Q1,01/2024,202401,24,FY'24
25-01-2024 00:00,2024,January,1,Thursday,5,Q1,01/2024,202401,24,FY'24
26-01-2024 00:00,2024,January,1,Friday,6,Q1,01/2024,202401,24,FY'24
27-01-2024 00:00,2024,January,1,Saturday,7,Q1,01/2024,202401,24,FY'24
28-01-2024 00:00,2024,January,1,Sunday,1,Q1,01/2024,202401,24,FY'24
29-01-2024 00:00,2024,January,1,Monday,2,Q1,01/2024,202401,24,FY'24
30-01-2024 00:00,2024,January,1,Tuesday,3,Q1,01/2024,202401,24,FY'24
31-01-2024 00:00,2024,January,1,Wednesday,4,Q1,01/2024,202401,24,FY'24
01-01-2025 00:00,2025,January,1,Wednesday,4,Q1,01/2025,202501,12,
02-01-2025 00:00,2025,January,1,Thursday,5,Q1,01/2025,202501,12,
03-01-2025 00:00,2025,January,1,Friday,6,Q1,01/2025,202501,12,
04-01-2025 00:00,2025,January,1,Saturday,7,Q1,01/2025,202501,12,
05-01-2025 00:00,2025,January,1,Sunday,1,Q1,01/2025,202501,12,
06-01-2025 00:00,2025,January,1,Monday,2,Q1,01/2025,202501,12,
07-01-2025 00:00,2025,January,1,Tuesday,3,Q1,01/2025,202501,12,
08-01-2025 00:00,2025,January,1,Wednesday,4,Q1,01/2025,202501,12,
09-01-2025 00:00,2025,January,1,Thursday,5,Q1,01/2025,202501,12,
10-01-2025 00:00,2025,January,1,Friday,6,Q1,01/2025,202501,12,
11-01-2025 00:00,2025,January,1,Saturday,7,Q1,01/2025,202501,12,
12-01-2025 00:00,2025,January,1,Sunday,1,Q1,01/2025,202501,12,
13-01-2025 00:00,2025,January,1,Monday,2,Q1,01/2025,202501,12,
14-01-2025 00:00,2025,January,1,Tuesday,3,Q1,01/2025,202501,12,
15-01-2025 00:00,2025,January,1,Wednesday,4,Q1,01/2025,202501,12,
16-01-2025 00:00,2025,January,1,Thursday,5,Q1,01/2025,202501,12,
17-01-2025 00:00,2025,January,1,Friday,6,Q1,01/2025,202501,12,
18-01-2025 00:00,2025,January,1,Saturday,7,Q1,01/2025,202501,12,
19-01-2025 00:00,2025,January,1,Sunday,1,Q1,01/2025,202501,12,
20-01-2025 00:00,2025,January,1,Monday,2,Q1,01/2025,202501,12,
21-01-2025 00:00,2025,January,1,Tuesday,3,Q1,01/2025,202501,12,
22-01-2025 00:00,2025,January,1,Wednesday,4,Q1,01/2025,202501,12,
23-01-2025 00:00,2025,January,1,Thursday,5,Q1,01/2025,202501,12,
24-01-2025 00:00,2025,January,1,Friday,6,Q1,01/2025,202501,12,
25-01-2025 00:00,2025,January,1,Saturday,7,Q1,01/2025,202501,12,
26-01-2025 00:00,2025,January,1,Sunday,1,Q1,01/2025,202501,12,
27-01-2025 00:00,2025,January,1,Monday,2,Q1,01/2025,202501,12,
28-01-2025 00:00,2025,January,1,Tuesday,3,Q1,01/2025,202501,12,
29-01-2025 00:00,2025,January,1,Wednesday,4,Q1,01/2025,202501,12,
30-01-2025 00:00,2025,January,1,Thursday,5,Q1,01/2025,202501,12,
31-01-2025 00:00,2025,January,1,Friday,6,Q1,01/2025,202501,12,
